REPLACE INTO codes VALUES ('color', '#000000', 'Black', '210');
REPLACE INTO codes VALUES ('color', '#0000FF', 'Blue, Bright', '150');
REPLACE INTO codes VALUES ('color', '#00025C', 'Blue, Midnight', '140');
REPLACE INTO codes VALUES ('color', '#002400', 'Green, Pine', '85');
REPLACE INTO codes VALUES ('color', '#00EEC4', 'Green, Mint', '110');
REPLACE INTO codes VALUES ('color', '#00FF00', 'Green, Bright', '100');
REPLACE INTO codes VALUES ('color', '#00FFFF', 'Blue, Sky', '130');
REPLACE INTO codes VALUES ('color', '#01059D', 'Blue, Navy', '145');
REPLACE INTO codes VALUES ('color', '#015B01', 'Green, Dark', '90');
REPLACE INTO codes VALUES ('color', '#019501', 'Green', '95');
REPLACE INTO codes VALUES ('color', '#019997', 'Blue, Ocean', '125');
REPLACE INTO codes VALUES ('color', '#066D98', 'Blue, Steel', '120');
REPLACE INTO codes VALUES ('color', '#330000', ' Brown, Dark', '30');
REPLACE INTO codes VALUES ('color', '#520155', 'Purple, Wine', '185');
REPLACE INTO codes VALUES ('color', '#5B0101', 'Red, Darkest', '5');
REPLACE INTO codes VALUES ('color', '#6569FF', 'Blue, Medium', '155');
REPLACE INTO codes VALUES ('color', '#676767', 'Gray, Dark', '215');
REPLACE INTO codes VALUES ('color', '#696A0A', 'Olive', '65');
REPLACE INTO codes VALUES ('color', '#88FEE9', 'Green, Aqua', '115');
REPLACE INTO codes VALUES ('color', '#8E01D7', 'Violet, Dark', '170');
REPLACE INTO codes VALUES ('color', '#993300', ' Brown', '35');
REPLACE INTO codes VALUES ('color', '#9E0000', 'Red, Dark', '10');
REPLACE INTO codes VALUES ('color', '#A501A7', 'Purple', '190');
REPLACE INTO codes VALUES ('color', '#ADB1FF', 'Blue, Light', '160');
REPLACE INTO codes VALUES ('color', '#B0B200', 'Yellow, Dark', '70');
REPLACE INTO codes VALUES ('color', '#B3FFB3', 'Green, Light', '105');
REPLACE INTO codes VALUES ('color', '#BBFFFE', 'Blue, Light Sky', '135');
REPLACE INTO codes VALUES ('color', '#BC5D00', 'Orange, Brown', '45');
REPLACE INTO codes VALUES ('color', '#C0C0C0', 'Gray, Light', '220');
REPLACE INTO codes VALUES ('color', '#CA65FF', 'Violet', '175');
REPLACE INTO codes VALUES ('color', '#CC9966', ' Brown, Tan', '40');
REPLACE INTO codes VALUES ('color', '#E3E5FF', 'Blue, Powder', '165');
REPLACE INTO codes VALUES ('color', '#EFCFFF', 'Violet, Light', '180');
REPLACE INTO codes VALUES ('color', '#F999FF', 'Purple, Pink', '200');
REPLACE INTO codes VALUES ('color', '#FCDDFF', 'Pink, Ice', '205');
REPLACE INTO codes VALUES ('color', '#FEFFBB', 'Yellow, Light', '80');
REPLACE INTO codes VALUES ('color', '#FF0000', 'Red', '15');
REPLACE INTO codes VALUES ('color', '#FF00FF', 'Purple, Fuchsia', '195');
REPLACE INTO codes VALUES ('color', '#FF6600', 'Orange, Bright', '50');
REPLACE INTO codes VALUES ('color', '#FF8B8B', 'Red, Light', '20');
REPLACE INTO codes VALUES ('color', '#FFB22B', 'Orange', '55');
REPLACE INTO codes VALUES ('color', '#FFCBCB', 'Red, Pink', '25');
REPLACE INTO codes VALUES ('color', '#FFE2A3', 'Orange, Light', '60');
REPLACE INTO codes VALUES ('color', '#FFFF00', 'Yellow', '75');
REPLACE INTO codes VALUES ('color', '#FFFFFF', 'White', '225');
REPLACE INTO codes VALUES ('country', 'AD', 'Andorra', '0');
REPLACE INTO codes VALUES ('country', 'AE', 'United Arab Emirates', '0');
REPLACE INTO codes VALUES ('country', 'AF', 'Afghanistan', '0');
REPLACE INTO codes VALUES ('country', 'AG', 'Antigua and Barbuda', '0');
REPLACE INTO codes VALUES ('country', 'AI', 'Anguilla', '0');
REPLACE INTO codes VALUES ('country', 'AL', 'Albania', '0');
REPLACE INTO codes VALUES ('country', 'AM', 'Armenia', '0');
REPLACE INTO codes VALUES ('country', 'AN', 'Netherlands Antilles', '0');
REPLACE INTO codes VALUES ('country', 'AO', 'Angola', '0');
REPLACE INTO codes VALUES ('country', 'AQ', 'Antarctica', '0');
REPLACE INTO codes VALUES ('country', 'AR', 'Argentina', '0');
REPLACE INTO codes VALUES ('country', 'AS', 'American Samoa', '0');
REPLACE INTO codes VALUES ('country', 'AT', 'Austria', '0');
REPLACE INTO codes VALUES ('country', 'AU', 'Australia', '0');
REPLACE INTO codes VALUES ('country', 'AW', 'Aruba', '0');
REPLACE INTO codes VALUES ('country', 'AZ', 'Azerbaijan', '0');
REPLACE INTO codes VALUES ('country', 'BA', 'Bosnia and Herzegovina', '0');
REPLACE INTO codes VALUES ('country', 'BB', 'Barbados', '0');
REPLACE INTO codes VALUES ('country', 'BD', 'Bangladesh', '0');
REPLACE INTO codes VALUES ('country', 'BE', 'Belgium', '0');
REPLACE INTO codes VALUES ('country', 'BF', 'Burkina Faso', '0');
REPLACE INTO codes VALUES ('country', 'BG', 'Bulgaria', '0');
REPLACE INTO codes VALUES ('country', 'BH', 'Bahrain', '0');
REPLACE INTO codes VALUES ('country', 'BI', 'Burundi', '0');
REPLACE INTO codes VALUES ('country', 'BJ', 'Benin', '0');
REPLACE INTO codes VALUES ('country', 'BM', 'Bermuda', '0');
REPLACE INTO codes VALUES ('country', 'BN', 'Brunei Darussalam', '0');
REPLACE INTO codes VALUES ('country', 'BO', 'Bolivia', '0');
REPLACE INTO codes VALUES ('country', 'BR', 'Brazil', '0');
REPLACE INTO codes VALUES ('country', 'BS', 'Bahamas', '0');
REPLACE INTO codes VALUES ('country', 'BT', 'Bhutan', '0');
REPLACE INTO codes VALUES ('country', 'BV', 'Bouvet Island', '0');
REPLACE INTO codes VALUES ('country', 'BW', 'Botswana', '0');
REPLACE INTO codes VALUES ('country', 'BY', 'Belarus', '0');
REPLACE INTO codes VALUES ('country', 'BZ', 'Belize', '0');
REPLACE INTO codes VALUES ('country', 'CA', 'Canada', '0');
REPLACE INTO codes VALUES ('country', 'CC', 'Cocos (Keeling) Islands', '0');
REPLACE INTO codes VALUES ('country', 'CF', 'Central African Republic', '0');
REPLACE INTO codes VALUES ('country', 'CG', 'Congo', '0');
REPLACE INTO codes VALUES ('country', 'CH', 'Switzerland', '0');
REPLACE INTO codes VALUES ('country', 'CI', 'Cote D\'Ivoire (Ivory Coast)', '0');
REPLACE INTO codes VALUES ('country', 'CK', 'Cook Islands', '0');
REPLACE INTO codes VALUES ('country', 'CL', 'Chile', '0');
REPLACE INTO codes VALUES ('country', 'CM', 'Cameroon', '0');
REPLACE INTO codes VALUES ('country', 'CN', 'China', '0');
REPLACE INTO codes VALUES ('country', 'CO', 'Colombia', '0');
REPLACE INTO codes VALUES ('country', 'CR', 'Costa Rica', '0');
REPLACE INTO codes VALUES ('country', 'CS', 'Czechoslovakia (former)', '0');
REPLACE INTO codes VALUES ('country', 'CU', 'Cuba', '0');
REPLACE INTO codes VALUES ('country', 'CV', 'Cape Verde', '0');
REPLACE INTO codes VALUES ('country', 'CX', 'Christmas Island', '0');
REPLACE INTO codes VALUES ('country', 'CY', 'Cyprus', '0');
REPLACE INTO codes VALUES ('country', 'CZ', 'Czech Republic', '0');
REPLACE INTO codes VALUES ('country', 'DE', 'Germany', '0');
REPLACE INTO codes VALUES ('country', 'DJ', 'Djibouti', '0');
REPLACE INTO codes VALUES ('country', 'DK', 'Denmark', '0');
REPLACE INTO codes VALUES ('country', 'DM', 'Dominica', '0');
REPLACE INTO codes VALUES ('country', 'DO', 'Dominican Republic', '0');
REPLACE INTO codes VALUES ('country', 'DZ', 'Algeria', '0');
REPLACE INTO codes VALUES ('country', 'EC', 'Ecuador', '0');
REPLACE INTO codes VALUES ('country', 'EE', 'Estonia', '0');
REPLACE INTO codes VALUES ('country', 'EG', 'Egypt', '0');
REPLACE INTO codes VALUES ('country', 'EH', 'Western Sahara', '0');
REPLACE INTO codes VALUES ('country', 'ER', 'Eritrea', '0');
REPLACE INTO codes VALUES ('country', 'ES', 'Spain', '0');
REPLACE INTO codes VALUES ('country', 'ET', 'Ethiopia', '0');
REPLACE INTO codes VALUES ('country', 'FI', 'Finland', '0');
REPLACE INTO codes VALUES ('country', 'FJ', 'Fiji', '0');
REPLACE INTO codes VALUES ('country', 'FK', 'Falkland Islands (Malvinas)', '0');
REPLACE INTO codes VALUES ('country', 'FM', 'Micronesia', '0');
REPLACE INTO codes VALUES ('country', 'FO', 'Faroe Islands', '0');
REPLACE INTO codes VALUES ('country', 'FR', 'France', '0');
REPLACE INTO codes VALUES ('country', 'FX', 'France, Metropolitan', '0');
REPLACE INTO codes VALUES ('country', 'GA', 'Gabon', '0');
REPLACE INTO codes VALUES ('country', 'GD', 'Grenada', '0');
REPLACE INTO codes VALUES ('country', 'GE', 'Georgia', '0');
REPLACE INTO codes VALUES ('country', 'GF', 'French Guiana', '0');
REPLACE INTO codes VALUES ('country', 'GH', 'Ghana', '0');
REPLACE INTO codes VALUES ('country', 'GI', 'Gibraltar', '0');
REPLACE INTO codes VALUES ('country', 'GL', 'Greenland', '0');
REPLACE INTO codes VALUES ('country', 'GM', 'Gambia', '0');
REPLACE INTO codes VALUES ('country', 'GN', 'Guinea', '0');
REPLACE INTO codes VALUES ('country', 'GP', 'Guadeloupe', '0');
REPLACE INTO codes VALUES ('country', 'GQ', 'Equatorial Guinea', '0');
REPLACE INTO codes VALUES ('country', 'GR', 'Greece', '0');
REPLACE INTO codes VALUES ('country', 'GS', 'S. Georgia and S. Sandwich Isls.', '0');
REPLACE INTO codes VALUES ('country', 'GT', 'Guatemala', '0');
REPLACE INTO codes VALUES ('country', 'GU', 'Guam', '0');
REPLACE INTO codes VALUES ('country', 'GW', 'Guinea-Bissau', '0');
REPLACE INTO codes VALUES ('country', 'GY', 'Guyana', '0');
REPLACE INTO codes VALUES ('country', 'HK', 'Hong Kong', '0');
REPLACE INTO codes VALUES ('country', 'HM', 'Heard and McDonald Islands', '0');
REPLACE INTO codes VALUES ('country', 'HN', 'Honduras', '0');
REPLACE INTO codes VALUES ('country', 'HR', 'Croatia (Hrvatska)', '0');
REPLACE INTO codes VALUES ('country', 'HT', 'Haiti', '0');
REPLACE INTO codes VALUES ('country', 'HU', 'Hungary', '0');
REPLACE INTO codes VALUES ('country', 'ID', 'Indonesia', '0');
REPLACE INTO codes VALUES ('country', 'IE', 'Ireland', '0');
REPLACE INTO codes VALUES ('country', 'IL', 'Israel', '0');
REPLACE INTO codes VALUES ('country', 'IN', 'India', '0');
REPLACE INTO codes VALUES ('country', 'IO', 'British Indian Ocean Territory', '0');
REPLACE INTO codes VALUES ('country', 'IQ', 'Iraq', '0');
REPLACE INTO codes VALUES ('country', 'IR', 'Iran', '0');
REPLACE INTO codes VALUES ('country', 'IS', 'Iceland', '0');
REPLACE INTO codes VALUES ('country', 'IT', 'Italy', '0');
REPLACE INTO codes VALUES ('country', 'JM', 'Jamaica', '0');
REPLACE INTO codes VALUES ('country', 'JO', 'Jordan', '0');
REPLACE INTO codes VALUES ('country', 'JP', 'Japan', '0');
REPLACE INTO codes VALUES ('country', 'KE', 'Kenya', '0');
REPLACE INTO codes VALUES ('country', 'KG', 'Kyrgyzstan', '0');
REPLACE INTO codes VALUES ('country', 'KH', 'Cambodia', '0');
REPLACE INTO codes VALUES ('country', 'KI', 'Kiribati', '0');
REPLACE INTO codes VALUES ('country', 'KM', 'Comoros', '0');
REPLACE INTO codes VALUES ('country', 'KN', 'Saint Kitts and Nevis', '0');
REPLACE INTO codes VALUES ('country', 'KP', 'Korea (North)', '0');
REPLACE INTO codes VALUES ('country', 'KR', 'Korea (South)', '0');
REPLACE INTO codes VALUES ('country', 'KW', 'Kuwait', '0');
REPLACE INTO codes VALUES ('country', 'KY', 'Cayman Islands', '0');
REPLACE INTO codes VALUES ('country', 'KZ', 'Kazakhstan', '0');
REPLACE INTO codes VALUES ('country', 'LA', 'Laos', '0');
REPLACE INTO codes VALUES ('country', 'LB', 'Lebanon', '0');
REPLACE INTO codes VALUES ('country', 'LC', 'Saint Lucia', '0');
REPLACE INTO codes VALUES ('country', 'LI', 'Liechtenstein', '0');
REPLACE INTO codes VALUES ('country', 'LJSC', 'Scotland', '0');
REPLACE INTO codes VALUES ('country', 'LK', 'Sri Lanka', '0');
REPLACE INTO codes VALUES ('country', 'LR', 'Liberia', '0');
REPLACE INTO codes VALUES ('country', 'LS', 'Lesotho', '0');
REPLACE INTO codes VALUES ('country', 'LT', 'Lithuania', '0');
REPLACE INTO codes VALUES ('country', 'LU', 'Luxembourg', '0');
REPLACE INTO codes VALUES ('country', 'LV', 'Latvia', '0');
REPLACE INTO codes VALUES ('country', 'LY', 'Libya', '0');
REPLACE INTO codes VALUES ('country', 'MA', 'Morocco', '0');
REPLACE INTO codes VALUES ('country', 'MC', 'Monaco', '0');
REPLACE INTO codes VALUES ('country', 'MD', 'Moldova', '0');
REPLACE INTO codes VALUES ('country', 'MG', 'Madagascar', '0');
REPLACE INTO codes VALUES ('country', 'MH', 'Marshall Islands', '0');
REPLACE INTO codes VALUES ('country', 'MK', 'Macedonia', '0');
REPLACE INTO codes VALUES ('country', 'ML', 'Mali', '0');
REPLACE INTO codes VALUES ('country', 'MM', 'Myanmar', '0');
REPLACE INTO codes VALUES ('country', 'MN', 'Mongolia', '0');
REPLACE INTO codes VALUES ('country', 'MO', 'Macau', '0');
REPLACE INTO codes VALUES ('country', 'MP', 'Northern Mariana Islands', '0');
REPLACE INTO codes VALUES ('country', 'MQ', 'Martinique', '0');
REPLACE INTO codes VALUES ('country', 'MR', 'Mauritania', '0');
REPLACE INTO codes VALUES ('country', 'MS', 'Montserrat', '0');
REPLACE INTO codes VALUES ('country', 'MT', 'Malta', '0');
REPLACE INTO codes VALUES ('country', 'MU', 'Mauritius', '0');
REPLACE INTO codes VALUES ('country', 'MV', 'Maldives', '0');
REPLACE INTO codes VALUES ('country', 'MW', 'Malawi', '0');
REPLACE INTO codes VALUES ('country', 'MX', 'Mexico', '0');
REPLACE INTO codes VALUES ('country', 'MY', 'Malaysia', '0');
REPLACE INTO codes VALUES ('country', 'MZ', 'Mozambique', '0');
REPLACE INTO codes VALUES ('country', 'NA', 'Namibia', '0');
REPLACE INTO codes VALUES ('country', 'NC', 'New Caledonia', '0');
REPLACE INTO codes VALUES ('country', 'NE', 'Niger', '0');
REPLACE INTO codes VALUES ('country', 'NF', 'Norfolk Island', '0');
REPLACE INTO codes VALUES ('country', 'NG', 'Nigeria', '0');
REPLACE INTO codes VALUES ('country', 'NI', 'Nicaragua', '0');
REPLACE INTO codes VALUES ('country', 'NL', 'Netherlands', '0');
REPLACE INTO codes VALUES ('country', 'NO', 'Norway', '0');
REPLACE INTO codes VALUES ('country', 'NP', 'Nepal', '0');
REPLACE INTO codes VALUES ('country', 'NR', 'Nauru', '0');
REPLACE INTO codes VALUES ('country', 'NT', 'Neutral Zone', '0');
REPLACE INTO codes VALUES ('country', 'NU', 'Niue', '0');
REPLACE INTO codes VALUES ('country', 'NZ', 'New Zealand (Aotearoa)', '0');
REPLACE INTO codes VALUES ('country', 'OM', 'Oman', '0');
REPLACE INTO codes VALUES ('country', 'PA', 'Panama', '0');
REPLACE INTO codes VALUES ('country', 'PE', 'Peru', '0');
REPLACE INTO codes VALUES ('country', 'PF', 'French Polynesia', '0');
REPLACE INTO codes VALUES ('country', 'PG', 'Papua New Guinea', '0');
REPLACE INTO codes VALUES ('country', 'PH', 'Philippines', '0');
REPLACE INTO codes VALUES ('country', 'PK', 'Pakistan', '0');
REPLACE INTO codes VALUES ('country', 'PL', 'Poland', '0');
REPLACE INTO codes VALUES ('country', 'PM', 'St. Pierre and Miquelon', '0');
REPLACE INTO codes VALUES ('country', 'PN', 'Pitcairn', '0');
REPLACE INTO codes VALUES ('country', 'PR', 'Puerto Rico', '0');
REPLACE INTO codes VALUES ('country', 'PS', 'Palestine', '0');
REPLACE INTO codes VALUES ('country', 'PT', 'Portugal', '0');
REPLACE INTO codes VALUES ('country', 'PW', 'Palau', '0');
REPLACE INTO codes VALUES ('country', 'PY', 'Paraguay', '0');
REPLACE INTO codes VALUES ('country', 'QA', 'Qatar', '0');
REPLACE INTO codes VALUES ('country', 'RE', 'Reunion', '0');
REPLACE INTO codes VALUES ('country', 'RO', 'Romania', '0');
REPLACE INTO codes VALUES ('country', 'RU', 'Russian Federation', '0');
REPLACE INTO codes VALUES ('country', 'RW', 'Rwanda', '0');
REPLACE INTO codes VALUES ('country', 'SA', 'Saudi Arabia', '0');
REPLACE INTO codes VALUES ('country', 'SB', 'Solomon Islands', '0');
REPLACE INTO codes VALUES ('country', 'SC', 'Seychelles', '0');
REPLACE INTO codes VALUES ('country', 'SD', 'Sudan', '0');
REPLACE INTO codes VALUES ('country', 'SE', 'Sweden', '0');
REPLACE INTO codes VALUES ('country', 'SG', 'Singapore', '0');
REPLACE INTO codes VALUES ('country', 'SH', 'St. Helena', '0');
REPLACE INTO codes VALUES ('country', 'SI', 'Slovenia', '0');
REPLACE INTO codes VALUES ('country', 'SJ', 'Svalbard and Jan Mayen Islands', '0');
REPLACE INTO codes VALUES ('country', 'SK', 'Slovak Republic', '0');
REPLACE INTO codes VALUES ('country', 'SL', 'Sierra Leone', '0');
REPLACE INTO codes VALUES ('country', 'SM', 'San Marino', '0');
REPLACE INTO codes VALUES ('country', 'SN', 'Senegal', '0');
REPLACE INTO codes VALUES ('country', 'SO', 'Somalia', '0');
REPLACE INTO codes VALUES ('country', 'SR', 'Suriname', '0');
REPLACE INTO codes VALUES ('country', 'ST', 'Sao Tome and Principe', '0');
REPLACE INTO codes VALUES ('country', 'SU', 'USSR (former)', '0');
REPLACE INTO codes VALUES ('country', 'SV', 'El Salvador', '0');
REPLACE INTO codes VALUES ('country', 'SY', 'Syria', '0');
REPLACE INTO codes VALUES ('country', 'SZ', 'Swaziland', '0');
REPLACE INTO codes VALUES ('country', 'TC', 'Turks and Caicos Islands', '0');
REPLACE INTO codes VALUES ('country', 'TD', 'Chad', '0');
REPLACE INTO codes VALUES ('country', 'TF', 'French Southern Territories', '0');
REPLACE INTO codes VALUES ('country', 'TG', 'Togo', '0');
REPLACE INTO codes VALUES ('country', 'TH', 'Thailand', '0');
REPLACE INTO codes VALUES ('country', 'TJ', 'Tajikistan', '0');
REPLACE INTO codes VALUES ('country', 'TK', 'Tokelau', '0');
REPLACE INTO codes VALUES ('country', 'TM', 'Turkmenistan', '0');
REPLACE INTO codes VALUES ('country', 'TN', 'Tunisia', '0');
REPLACE INTO codes VALUES ('country', 'TO', 'Tonga', '0');
REPLACE INTO codes VALUES ('country', 'TP', 'East Timor', '0');
REPLACE INTO codes VALUES ('country', 'TR', 'Turkey', '0');
REPLACE INTO codes VALUES ('country', 'TT', 'Trinidad and Tobago', '0');
REPLACE INTO codes VALUES ('country', 'TV', 'Tuvalu', '0');
REPLACE INTO codes VALUES ('country', 'TW', 'Taiwan', '0');
REPLACE INTO codes VALUES ('country', 'TZ', 'Tanzania', '0');
REPLACE INTO codes VALUES ('country', 'UA', 'Ukraine', '0');
REPLACE INTO codes VALUES ('country', 'UG', 'Uganda', '0');
REPLACE INTO codes VALUES ('country', 'UK', 'United Kingdom', '0');
REPLACE INTO codes VALUES ('country', 'UM', 'US Minor Outlying Islands', '0');
REPLACE INTO codes VALUES ('country', 'US', 'United States', '0');
REPLACE INTO codes VALUES ('country', 'UY', 'Uruguay', '0');
REPLACE INTO codes VALUES ('country', 'UZ', 'Uzbekistan', '0');
REPLACE INTO codes VALUES ('country', 'VA', 'Vatican City State (Holy See)', '0');
REPLACE INTO codes VALUES ('country', 'VC', 'Saint Vincent and the Grenadines', '0');
REPLACE INTO codes VALUES ('country', 'VE', 'Venezuela', '0');
REPLACE INTO codes VALUES ('country', 'VG', 'Virgin Islands (British)', '0');
REPLACE INTO codes VALUES ('country', 'VI', 'Virgin Islands (U.S.)', '0');
REPLACE INTO codes VALUES ('country', 'VN', 'Viet Nam', '0');
REPLACE INTO codes VALUES ('country', 'VU', 'Vanuatu', '0');
REPLACE INTO codes VALUES ('country', 'WF', 'Wallis and Futuna Islands', '0');
REPLACE INTO codes VALUES ('country', 'WS', 'Samoa', '0');
REPLACE INTO codes VALUES ('country', 'YE', 'Yemen', '0');
REPLACE INTO codes VALUES ('country', 'YT', 'Mayotte', '0');
REPLACE INTO codes VALUES ('country', 'YU', 'Yugoslavia', '0');
REPLACE INTO codes VALUES ('country', 'ZA', 'South Africa', '0');
REPLACE INTO codes VALUES ('country', 'ZM', 'Zambia', '0');
REPLACE INTO codes VALUES ('country', 'ZR', 'Zaire', '0');
REPLACE INTO codes VALUES ('country', 'ZW', 'Zimbabwe', '0');
REPLACE INTO codes VALUES ('encname', '0', 'None', '0');
REPLACE INTO codes VALUES ('encname', '1', 'Western European (Windows)', '0');
REPLACE INTO codes VALUES ('encname', '10', 'Western European (ISO)', '0');
REPLACE INTO codes VALUES ('encname', '11', 'Korean (Windows)', '0');
REPLACE INTO codes VALUES ('encname', '12', 'Chinese (Simplified)', '0');
REPLACE INTO codes VALUES ('encname', '2', 'Unicode (UTF-8)', '0');
REPLACE INTO codes VALUES ('encname', '3', 'Cyrillic (Windows)', '0');
REPLACE INTO codes VALUES ('encname', '4', 'Hebrew (ISO)', '0');
REPLACE INTO codes VALUES ('encname', '5', 'Greek', '0');
REPLACE INTO codes VALUES ('encname', '6', 'Cyrillic (KOI8)', '0');
REPLACE INTO codes VALUES ('encname', '7', 'Japanese (SHIFT-JIS)', '0');
REPLACE INTO codes VALUES ('encname', '8', 'Japanese (EUC)', '0');
REPLACE INTO codes VALUES ('encname', '9', 'Chinese Traditional (Big5)', '0');
REPLACE INTO codes VALUES ('encoding', '0', 'none', '0');
REPLACE INTO codes VALUES ('encoding', '1', 'windows-1252', '0');
REPLACE INTO codes VALUES ('encoding', '10', 'iso-8859-1', '0');
REPLACE INTO codes VALUES ('encoding', '11', 'CP949', '0');
REPLACE INTO codes VALUES ('encoding', '12', 'GB2312', '0');
REPLACE INTO codes VALUES ('encoding', '2', 'UTF-8', '0');
REPLACE INTO codes VALUES ('encoding', '3', 'windows-1251', '0');
REPLACE INTO codes VALUES ('encoding', '4', 'hebrew', '0');
REPLACE INTO codes VALUES ('encoding', '5', 'windows-1253', '0');
REPLACE INTO codes VALUES ('encoding', '6', 'KOI8-R', '0');
REPLACE INTO codes VALUES ('encoding', '7', 'sjis', '0');
REPLACE INTO codes VALUES ('encoding', '8', 'euc-jp', '0');
REPLACE INTO codes VALUES ('encoding', '9', 'BIG5', '0');
REPLACE INTO codes VALUES ('lang', 'DE', 'Deutsch', '1');
REPLACE INTO codes VALUES ('lang', 'EN', 'English', '1');
REPLACE INTO codes VALUES ('lang', 'ES', 'Espanol', '1');
REPLACE INTO codes VALUES ('lang', 'FR', 'Francais', '1');
REPLACE INTO codes VALUES ('lang', 'RU', 'Russian', '1');
REPLACE INTO codes VALUES ('state', 'AK', 'Alaska', '0');
REPLACE INTO codes VALUES ('state', 'AL', 'Alabama', '0');
REPLACE INTO codes VALUES ('state', 'AR', 'Arkansas', '0');
REPLACE INTO codes VALUES ('state', 'AZ', 'Arizona', '0');
REPLACE INTO codes VALUES ('state', 'CA', 'California', '0');
REPLACE INTO codes VALUES ('state', 'CO', 'Colorado', '0');
REPLACE INTO codes VALUES ('state', 'CT', 'Connecticut', '0');
REPLACE INTO codes VALUES ('state', 'DC', 'Dist. of Columbia', '0');
REPLACE INTO codes VALUES ('state', 'DE', 'Delaware', '0');
REPLACE INTO codes VALUES ('state', 'FL', 'Florida', '0');
REPLACE INTO codes VALUES ('state', 'GA', 'Georgia', '0');
REPLACE INTO codes VALUES ('state', 'GU', 'Guam', '0');
REPLACE INTO codes VALUES ('state', 'HI', 'Hawaii', '0');
REPLACE INTO codes VALUES ('state', 'IA', 'Iowa', '0');
REPLACE INTO codes VALUES ('state', 'ID', 'Idaho', '0');
REPLACE INTO codes VALUES ('state', 'IL', 'Illinois', '0');
REPLACE INTO codes VALUES ('state', 'IN', 'Indiana', '0');
REPLACE INTO codes VALUES ('state', 'KS', 'Kansas', '0');
REPLACE INTO codes VALUES ('state', 'KY', 'Kentucky', '0');
REPLACE INTO codes VALUES ('state', 'LA', 'Louisiana', '0');
REPLACE INTO codes VALUES ('state', 'MA', 'Massachusetts', '0');
REPLACE INTO codes VALUES ('state', 'MD', 'Maryland', '0');
REPLACE INTO codes VALUES ('state', 'ME', 'Maine', '0');
REPLACE INTO codes VALUES ('state', 'MI', 'Michigan', '0');
REPLACE INTO codes VALUES ('state', 'MN', 'Minnesota', '0');
REPLACE INTO codes VALUES ('state', 'MO', 'Missouri', '0');
REPLACE INTO codes VALUES ('state', 'MS', 'Mississippi', '0');
REPLACE INTO codes VALUES ('state', 'MT', 'Montana', '0');
REPLACE INTO codes VALUES ('state', 'NC', 'North Carolina', '0');
REPLACE INTO codes VALUES ('state', 'ND', 'North Dakota', '0');
REPLACE INTO codes VALUES ('state', 'NE', 'Nebraska', '0');
REPLACE INTO codes VALUES ('state', 'NH', 'New Hampshire', '0');
REPLACE INTO codes VALUES ('state', 'NJ', 'New Jersey', '0');
REPLACE INTO codes VALUES ('state', 'NM', 'New Mexico', '0');
REPLACE INTO codes VALUES ('state', 'NV', 'Nevada', '0');
REPLACE INTO codes VALUES ('state', 'NY', 'New York', '0');
REPLACE INTO codes VALUES ('state', 'OH', 'Ohio', '0');
REPLACE INTO codes VALUES ('state', 'OK', 'Oklahoma', '0');
REPLACE INTO codes VALUES ('state', 'OR', 'Oregon', '0');
REPLACE INTO codes VALUES ('state', 'PA', 'Pennsylvania', '0');
REPLACE INTO codes VALUES ('state', 'PR', 'Puerto Rico', '0');
REPLACE INTO codes VALUES ('state', 'RI', 'Rhode Island', '0');
REPLACE INTO codes VALUES ('state', 'SC', 'South Carolina', '0');
REPLACE INTO codes VALUES ('state', 'SD', 'South Dakota', '0');
REPLACE INTO codes VALUES ('state', 'TN', 'Tennessee', '0');
REPLACE INTO codes VALUES ('state', 'TX', 'Texas', '0');
REPLACE INTO codes VALUES ('state', 'UT', 'Utah', '0');
REPLACE INTO codes VALUES ('state', 'VA', 'Virginia', '0');
REPLACE INTO codes VALUES ('state', 'VI', 'Virgin Islands', '0');
REPLACE INTO codes VALUES ('state', 'VT', 'Vermont', '0');
REPLACE INTO codes VALUES ('state', 'WA', 'Washington', '0');
REPLACE INTO codes VALUES ('state', 'WI', 'Wisconsin', '0');
REPLACE INTO codes VALUES ('state', 'WV', 'West Virginia', '0');
REPLACE INTO codes VALUES ('state', 'WY', 'Wyoming', '0');
REPLACE INTO codes VALUES ('stateau', 'act', 'Australian Capital Territory', '0');
REPLACE INTO codes VALUES ('stateau', 'nsw', 'New South Wales', '0');
REPLACE INTO codes VALUES ('stateau', 'nt', 'Northern Territory', '0');
REPLACE INTO codes VALUES ('stateau', 'ql', 'Queensland', '0');
REPLACE INTO codes VALUES ('stateau', 'sa', 'South Australia', '0');
REPLACE INTO codes VALUES ('stateau', 'ta', 'Tasmania', '0');
REPLACE INTO codes VALUES ('stateau', 'vi', 'Victoria', '0');
REPLACE INTO codes VALUES ('stateau', 'wa', 'Western Australia', '0');
REPLACE INTO codes VALUES ('stateca', 'al', 'Alberta', '0');
REPLACE INTO codes VALUES ('stateca', 'bc', 'British Columbia', '0');
REPLACE INTO codes VALUES ('stateca', 'ma', 'Manitoba', '0');
REPLACE INTO codes VALUES ('stateca', 'nb', 'New Brunswick', '0');
REPLACE INTO codes VALUES ('stateca', 'nf', 'Newfoundland', '0');
REPLACE INTO codes VALUES ('stateca', 'ns', 'Nova Scotia', '0');
REPLACE INTO codes VALUES ('stateca', 'nu', 'Nunavut', '0');
REPLACE INTO codes VALUES ('stateca', 'nw', 'Northwest Territories', '0');
REPLACE INTO codes VALUES ('stateca', 'on', 'Ontario', '0');
REPLACE INTO codes VALUES ('stateca', 'pe', 'Prince Edward Island', '0');
REPLACE INTO codes VALUES ('stateca', 'qu', 'Quebec', '0');
REPLACE INTO codes VALUES ('stateca', 'sa', 'Saskatchewan', '0');
REPLACE INTO codes VALUES ('stateca', 'yt', 'Yukon Territory', '0');
REPLACE INTO codes VALUES ('statede', 'be', 'Berlin', '0');
REPLACE INTO codes VALUES ('statede', 'bm', 'Bremen', '0');
REPLACE INTO codes VALUES ('statede', 'br', 'Brandenburg', '0');
REPLACE INTO codes VALUES ('statede', 'bw', 'Baden-Wuerttemberg', '0');
REPLACE INTO codes VALUES ('statede', 'by', 'Bayern', '0');
REPLACE INTO codes VALUES ('statede', 'ha', 'Hamburg', '0');
REPLACE INTO codes VALUES ('statede', 'hs', 'Hessen', '0');
REPLACE INTO codes VALUES ('statede', 'mv', 'Mecklenburg-Vorpommern', '0');
REPLACE INTO codes VALUES ('statede', 'ni', 'Niedersachsen', '0');
REPLACE INTO codes VALUES ('statede', 'nw', 'Nordrhein-Westfalen', '0');
REPLACE INTO codes VALUES ('statede', 'rp', 'Rheinland-Pfalz', '0');
REPLACE INTO codes VALUES ('statede', 'sa', 'Sachsen-Anhalt', '0');
REPLACE INTO codes VALUES ('statede', 'sc', 'Sachsen', '0');
REPLACE INTO codes VALUES ('statede', 'sh', 'Schleswig-Holstein', '0');
REPLACE INTO codes VALUES ('statede', 'sl', 'Saarland', '0');
REPLACE INTO codes VALUES ('statede', 'th', 'Thueringen', '0');
INSERT IGNORE INTO logproplist (name, prettyname, sortorder, datatype, des, scope) VALUES ('current_mood', 'Current Mood', '5', 'char', 'Your current mood.', 'general');
UPDATE logproplist SET des='Your current mood.',sortorder='5',scope='general',datatype='char',prettyname='Current Mood' WHERE name='current_mood';
INSERT IGNORE INTO logproplist (name, prettyname, sortorder, datatype, des, scope) VALUES ('current_moodid', 'Current Mood ID#', '6', 'num', 'Your current mood ID number, if known.', 'general');
UPDATE logproplist SET des='Your current mood ID number, if known.',sortorder='6',scope='general',datatype='num',prettyname='Current Mood ID#' WHERE name='current_moodid';
INSERT IGNORE INTO logproplist (name, prettyname, sortorder, datatype, des, scope) VALUES ('current_music', 'Current Music', '10', 'char', 'Music you\'re currently listening to.', 'general');
UPDATE logproplist SET des='Music you\'re currently listening to.',sortorder='10',scope='general',datatype='char',prettyname='Current Music' WHERE name='current_music';
INSERT IGNORE INTO logproplist (name, prettyname, sortorder, datatype, des, scope) VALUES ('opt_backdated', 'Back-dated', '35', 'bool', 'Set to true if this item shouldn\'t show up on people\'s friends lists (because it occured in the past)', 'general');
UPDATE logproplist SET des='Set to true if this item shouldn\'t show up on people\'s friends lists (because it occured in the past)',sortorder='35',scope='general',datatype='bool',prettyname='Back-dated' WHERE name='opt_backdated';
INSERT IGNORE INTO logproplist (name, prettyname, sortorder, datatype, des, scope) VALUES ('opt_nocomments', 'Don\'t Allow Comments', '25', 'bool', 'Turn on if readers can\'t post comments on this entry.', 'general');
UPDATE logproplist SET des='Turn on if readers can\'t post comments on this entry.',sortorder='25',scope='general',datatype='bool',prettyname='Don\'t Allow Comments' WHERE name='opt_nocomments';
INSERT IGNORE INTO logproplist (name, prettyname, sortorder, datatype, des, scope) VALUES ('opt_preformatted', 'Don\'t Auto-Format', '20', 'bool', 'Turn on if post contains HTML and shouldn\'t be formatted', 'general');
UPDATE logproplist SET des='Turn on if post contains HTML and shouldn\'t be formatted',sortorder='20',scope='general',datatype='bool',prettyname='Don\'t Auto-Format' WHERE name='opt_preformatted';
INSERT IGNORE INTO logproplist (name, prettyname, sortorder, datatype, des, scope) VALUES ('picture_keyword', 'Picture Keyword', '30', 'char', 'A keyword that should align to a defined picture', 'general');
UPDATE logproplist SET des='A keyword that should align to a defined picture',sortorder='30',scope='general',datatype='char',prettyname='Picture Keyword' WHERE name='picture_keyword';
INSERT IGNORE INTO logproplist (name, prettyname, sortorder, datatype, des, scope) VALUES ('unknown8bit', 'Unknown 8-bit text', '99', 'bool', 'True if text has 8-bit data that\'s not in UTF-8', 'general');
UPDATE logproplist SET des='True if text has 8-bit data that\'s not in UTF-8',sortorder='99',scope='general',datatype='bool',prettyname='Unknown 8-bit text' WHERE name='unknown8bit';
REPLACE INTO moods VALUES ('1', 'aggravated', '2');
REPLACE INTO moods VALUES ('10', 'discontent', '25');
REPLACE INTO moods VALUES ('100', 'rushed', '28');
REPLACE INTO moods VALUES ('101', 'contemplative', '30');
REPLACE INTO moods VALUES ('102', 'nerdy', '0');
REPLACE INTO moods VALUES ('103', 'geeky', '102');
REPLACE INTO moods VALUES ('104', 'cynical', '2');
REPLACE INTO moods VALUES ('105', 'quixotic', '66');
REPLACE INTO moods VALUES ('106', 'crazy', '66');
REPLACE INTO moods VALUES ('107', 'creative', '88');
REPLACE INTO moods VALUES ('108', 'artistic', '88');
REPLACE INTO moods VALUES ('109', 'pleased', '15');
REPLACE INTO moods VALUES ('11', 'energetic', '0');
REPLACE INTO moods VALUES ('110', 'bitchy', '2');
REPLACE INTO moods VALUES ('111', 'guilty', '74');
REPLACE INTO moods VALUES ('112', 'irritated', '2');
REPLACE INTO moods VALUES ('113', 'blank', '78');
REPLACE INTO moods VALUES ('114', 'apathetic', '78');
REPLACE INTO moods VALUES ('115', 'dorky', '102');
REPLACE INTO moods VALUES ('116', 'impressed', '15');
REPLACE INTO moods VALUES ('117', 'naughty', '36');
REPLACE INTO moods VALUES ('118', 'predatory', '45');
REPLACE INTO moods VALUES ('119', 'dirty', '74');
REPLACE INTO moods VALUES ('12', 'enraged', '2');
REPLACE INTO moods VALUES ('120', 'giddy', '66');
REPLACE INTO moods VALUES ('121', 'surprised', '15');
REPLACE INTO moods VALUES ('122', 'shocked', '121');
REPLACE INTO moods VALUES ('123', 'rejected', '25');
REPLACE INTO moods VALUES ('124', 'numb', '25');
REPLACE INTO moods VALUES ('125', 'cheerful', '15');
REPLACE INTO moods VALUES ('126', 'good', '15');
REPLACE INTO moods VALUES ('127', 'distressed', '4');
REPLACE INTO moods VALUES ('128', 'intimidated', '46');
REPLACE INTO moods VALUES ('129', 'crushed', '25');
REPLACE INTO moods VALUES ('13', 'enthralled', '0');
REPLACE INTO moods VALUES ('130', 'devious', '0');
REPLACE INTO moods VALUES ('131', 'thankful', '15');
REPLACE INTO moods VALUES ('132', 'grateful', '15');
REPLACE INTO moods VALUES ('133', 'jealous', '25');
REPLACE INTO moods VALUES ('134', 'nervous', '46');
REPLACE INTO moods VALUES ('14', 'exhausted', '74');
REPLACE INTO moods VALUES ('15', 'happy', '0');
REPLACE INTO moods VALUES ('16', 'high', '41');
REPLACE INTO moods VALUES ('17', 'horny', '41');
REPLACE INTO moods VALUES ('18', 'hungry', '74');
REPLACE INTO moods VALUES ('19', 'infuriated', '2');
REPLACE INTO moods VALUES ('2', 'angry', '0');
REPLACE INTO moods VALUES ('20', 'irate', '2');
REPLACE INTO moods VALUES ('21', 'jubilant', '15');
REPLACE INTO moods VALUES ('22', 'lonely', '25');
REPLACE INTO moods VALUES ('23', 'moody', '2');
REPLACE INTO moods VALUES ('24', 'pissed off', '2');
REPLACE INTO moods VALUES ('25', 'sad', '0');
REPLACE INTO moods VALUES ('26', 'satisfied', '53');
REPLACE INTO moods VALUES ('27', 'sore', '74');
REPLACE INTO moods VALUES ('28', 'stressed', '2');
REPLACE INTO moods VALUES ('29', 'thirsty', '74');
REPLACE INTO moods VALUES ('3', 'annoyed', '2');
REPLACE INTO moods VALUES ('30', 'thoughtful', '0');
REPLACE INTO moods VALUES ('31', 'tired', '14');
REPLACE INTO moods VALUES ('32', 'touched', '15');
REPLACE INTO moods VALUES ('33', 'lazy', '61');
REPLACE INTO moods VALUES ('34', 'drunk', '74');
REPLACE INTO moods VALUES ('35', 'ditzy', '66');
REPLACE INTO moods VALUES ('36', 'mischievous', '66');
REPLACE INTO moods VALUES ('37', 'morose', '25');
REPLACE INTO moods VALUES ('38', 'gloomy', '25');
REPLACE INTO moods VALUES ('39', 'melancholy', '25');
REPLACE INTO moods VALUES ('4', 'anxious', '46');
REPLACE INTO moods VALUES ('40', 'drained', '14');
REPLACE INTO moods VALUES ('41', 'excited', '15');
REPLACE INTO moods VALUES ('42', 'relieved', '26');
REPLACE INTO moods VALUES ('43', 'hopeful', '70');
REPLACE INTO moods VALUES ('44', 'amused', '15');
REPLACE INTO moods VALUES ('45', 'determined', '0');
REPLACE INTO moods VALUES ('46', 'scared', '0');
REPLACE INTO moods VALUES ('47', 'frustrated', '2');
REPLACE INTO moods VALUES ('48', 'indescribable', '0');
REPLACE INTO moods VALUES ('49', 'sleepy', '31');
REPLACE INTO moods VALUES ('5', 'bored', '25');
REPLACE INTO moods VALUES ('51', 'groggy', '31');
REPLACE INTO moods VALUES ('52', 'hyper', '11');
REPLACE INTO moods VALUES ('53', 'relaxed', '15');
REPLACE INTO moods VALUES ('54', 'restless', '74');
REPLACE INTO moods VALUES ('55', 'disappointed', '25');
REPLACE INTO moods VALUES ('56', 'curious', '6');
REPLACE INTO moods VALUES ('57', 'mellow', '53');
REPLACE INTO moods VALUES ('58', 'peaceful', '53');
REPLACE INTO moods VALUES ('59', 'bouncy', '11');
REPLACE INTO moods VALUES ('6', 'confused', '0');
REPLACE INTO moods VALUES ('60', 'nostalgic', '30');
REPLACE INTO moods VALUES ('61', 'okay', '0');
REPLACE INTO moods VALUES ('62', 'rejuvenated', '69');
REPLACE INTO moods VALUES ('63', 'complacent', '64');
REPLACE INTO moods VALUES ('64', 'content', '26');
REPLACE INTO moods VALUES ('65', 'indifferent', '64');
REPLACE INTO moods VALUES ('66', 'silly', '15');
REPLACE INTO moods VALUES ('67', 'flirty', '66');
REPLACE INTO moods VALUES ('68', 'calm', '53');
REPLACE INTO moods VALUES ('69', 'refreshed', '15');
REPLACE INTO moods VALUES ('7', 'crappy', '25');
REPLACE INTO moods VALUES ('70', 'optimistic', '15');
REPLACE INTO moods VALUES ('71', 'pessimistic', '38');
REPLACE INTO moods VALUES ('72', 'giggly', '66');
REPLACE INTO moods VALUES ('73', 'pensive', '30');
REPLACE INTO moods VALUES ('74', 'uncomfortable', '25');
REPLACE INTO moods VALUES ('75', 'lethargic', '33');
REPLACE INTO moods VALUES ('76', 'listless', '33');
REPLACE INTO moods VALUES ('77', 'recumbent', '53');
REPLACE INTO moods VALUES ('78', 'exanimate', '33');
REPLACE INTO moods VALUES ('79', 'embarrassed', '46');
REPLACE INTO moods VALUES ('8', 'cranky', '2');
REPLACE INTO moods VALUES ('80', 'envious', '10');
REPLACE INTO moods VALUES ('81', 'sympathetic', '25');
REPLACE INTO moods VALUES ('82', 'sick', '74');
REPLACE INTO moods VALUES ('83', 'hot', '74');
REPLACE INTO moods VALUES ('84', 'cold', '74');
REPLACE INTO moods VALUES ('85', 'worried', '25');
REPLACE INTO moods VALUES ('86', 'loved', '15');
REPLACE INTO moods VALUES ('87', 'awake', '0');
REPLACE INTO moods VALUES ('88', 'working', '0');
REPLACE INTO moods VALUES ('89', 'productive', '88');
REPLACE INTO moods VALUES ('9', 'depressed', '25');
REPLACE INTO moods VALUES ('90', 'accomplished', '88');
REPLACE INTO moods VALUES ('91', 'busy', '88');
REPLACE INTO moods VALUES ('92', 'blah', '61');
REPLACE INTO moods VALUES ('93', 'full', '26');
REPLACE INTO moods VALUES ('95', 'grumpy', '2');
REPLACE INTO moods VALUES ('96', 'weird', '66');
REPLACE INTO moods VALUES ('97', 'nauseated', '82');
REPLACE INTO moods VALUES ('98', 'ecstatic', '15');
REPLACE INTO moods VALUES ('99', 'chipper', '15');
INSERT IGNORE INTO priv_list (privcode, privname, des, is_public, scope) VALUES ('accountsexpiring', 'Accounts - Expiring', 'View paid accounts that are soon about to expire.', '1', 'general');
UPDATE priv_list SET is_public='1',des='View paid accounts that are soon about to expire.',scope='general',privname='Accounts - Expiring' WHERE privcode='accountsexpiring';
INSERT IGNORE INTO priv_list (privcode, privname, des, is_public, scope) VALUES ('admin', 'Administer priviledges', 'Grant or revoke privileges to/from other users.  The argument is the privilege code that the user has access to grant/deny for, or "all" for all privileges.', '0', 'general');
UPDATE priv_list SET is_public='0',des='Grant or revoke privileges to/from other users.  The argument is the privilege code that the user has access to grant/deny for, or "all" for all privileges.',scope='general',privname='Administer priviledges' WHERE privcode='admin';
INSERT IGNORE INTO priv_list (privcode, privname, des, is_public, scope) VALUES ('betatest', 'Beta Test Features', 'If a user has this priv, they can access new features that are under development', '1', 'general');
UPDATE priv_list SET is_public='1',des='If a user has this priv, they can access new features that are under development',scope='general',privname='Beta Test Features' WHERE privcode='betatest';
INSERT IGNORE INTO priv_list (privcode, privname, des, is_public, scope) VALUES ('changejournaltype', 'Change Journal Type', 'Change a user\'s journal type without being them.', '1', 'general');
UPDATE priv_list SET is_public='1',des='Change a user\'s journal type without being them.',scope='general',privname='Change Journal Type' WHERE privcode='changejournaltype';
INSERT IGNORE INTO priv_list (privcode, privname, des, is_public, scope) VALUES ('communityxfer', 'Community Maintainer Transfer', 'Can change the maintainer of a community', '', 'general');
UPDATE priv_list SET is_public='',des='Can change the maintainer of a community',scope='general',privname='Community Maintainer Transfer' WHERE privcode='communityxfer';
INSERT IGNORE INTO priv_list (privcode, privname, des, is_public, scope) VALUES ('deletetalk', 'Delete Comments', 'Delete comments from journals (only used in rare cases, like people posting other user\'s phone numbers to be mean', '1', 'general');
UPDATE priv_list SET is_public='1',des='Delete comments from journals (only used in rare cases, like people posting other user\'s phone numbers to be mean',scope='general',privname='Delete Comments' WHERE privcode='deletetalk';
INSERT IGNORE INTO priv_list (privcode, privname, des, is_public, scope) VALUES ('dirsync', 'Directory Sync', 'Users with this priv can FTP things, and have them copied over the main site\'s document roots.  Arg is of form devftppath=htdocpath.  example: client/win32=files/bin/clients/win32', '1', 'general');
UPDATE priv_list SET is_public='1',des='Users with this priv can FTP things, and have them copied over the main site\'s document roots.  Arg is of form devftppath=htdocpath.  example: client/win32=files/bin/clients/win32',scope='general',privname='Directory Sync' WHERE privcode='dirsync';
INSERT IGNORE INTO priv_list (privcode, privname, des, is_public, scope) VALUES ('faqadd', 'FAQ - Add', 'Add documents to the Frequently Asked Questions.  Argument is the faq category code that the privilege is applicable for, or "all" for all faq categories.', '1', 'general');
UPDATE priv_list SET is_public='1',des='Add documents to the Frequently Asked Questions.  Argument is the faq category code that the privilege is applicable for, or "all" for all faq categories.',scope='general',privname='FAQ - Add' WHERE privcode='faqadd';
INSERT IGNORE INTO priv_list (privcode, privname, des, is_public, scope) VALUES ('faqcat', 'FAQ - Edit Categories', 'Lets user modify FAQ categories.', '1', 'general');
UPDATE priv_list SET is_public='1',des='Lets user modify FAQ categories.',scope='general',privname='FAQ - Edit Categories' WHERE privcode='faqcat';
INSERT IGNORE INTO priv_list (privcode, privname, des, is_public, scope) VALUES ('faqedit', 'FAQ - Edit', 'Edit documents in the Frequently Asked Questions.  Argument is the faq category code that the privilege is applicable for, or "all" for all faq categories.', '1', 'general');
UPDATE priv_list SET is_public='1',des='Edit documents in the Frequently Asked Questions.  Argument is the faq category code that the privilege is applicable for, or "all" for all faq categories.',scope='general',privname='FAQ - Edit' WHERE privcode='faqedit';
INSERT IGNORE INTO priv_list (privcode, privname, des, is_public, scope) VALUES ('fileedit', 'File Editing', 'Can edit a static file on the LiveJournal site.  Argument is the file identifier, or "all" for all files.', '1', 'general');
UPDATE priv_list SET is_public='1',des='Can edit a static file on the LiveJournal site.  Argument is the file identifier, or "all" for all files.',scope='general',privname='File Editing' WHERE privcode='fileedit';
INSERT IGNORE INTO priv_list (privcode, privname, des, is_public, scope) VALUES ('finduser', 'Find a user', 'Find a user by different criteria.', '1', 'general');
UPDATE priv_list SET is_public='1',des='Find a user by different criteria.',scope='general',privname='Find a user' WHERE privcode='finduser';
INSERT IGNORE INTO priv_list (privcode, privname, des, is_public, scope) VALUES ('grantperm', 'Grant Permanent Account', 'Can give another user a permanent account', '1', 'general');
UPDATE priv_list SET is_public='1',des='Can give another user a permanent account',scope='general',privname='Grant Permanent Account' WHERE privcode='grantperm';
INSERT IGNORE INTO priv_list (privcode, privname, des, is_public, scope) VALUES ('historyview', 'View statushistory info', 'Can view data in \'statushistory\' table for a user.  If arg is \'all\', can query by adminid also.', '1', 'general');
UPDATE priv_list SET is_public='1',des='Can view data in \'statushistory\' table for a user.  If arg is \'all\', can query by adminid also.',scope='general',privname='View statushistory info' WHERE privcode='historyview';
INSERT IGNORE INTO priv_list (privcode, privname, des, is_public, scope) VALUES ('moneyenter', 'Money - Enter Payments', 'Records payments for paid accounts', '1', 'general');
UPDATE priv_list SET is_public='1',des='Records payments for paid accounts',scope='general',privname='Money - Enter Payments' WHERE privcode='moneyenter';
INSERT IGNORE INTO priv_list (privcode, privname, des, is_public, scope) VALUES ('moneysearch', 'Money - Search for payments', 'Search for payments entered.', '1', 'general');
UPDATE priv_list SET is_public='1',des='Search for payments entered.',scope='general',privname='Money - Search for payments' WHERE privcode='moneysearch';
INSERT IGNORE INTO priv_list (privcode, privname, des, is_public, scope) VALUES ('moneyview', 'Money - View Detailed Records', 'See details about incoming money.', '1', 'general');
UPDATE priv_list SET is_public='1',des='See details about incoming money.',scope='general',privname='Money - View Detailed Records' WHERE privcode='moneyview';
INSERT IGNORE INTO priv_list (privcode, privname, des, is_public, scope) VALUES ('moodthememanager', 'Mood Themes - Manager', 'The mood theme manager can perform any editing on mood themes, including making themes public', '1', 'general');
UPDATE priv_list SET is_public='1',des='The mood theme manager can perform any editing on mood themes, including making themes public',scope='general',privname='Mood Themes - Manager' WHERE privcode='moodthememanager';
INSERT IGNORE INTO priv_list (privcode, privname, des, is_public, scope) VALUES ('schemadoc', 'Edit Schema Documentation', 'Edit the database schema documentation', '1', 'general');
UPDATE priv_list SET is_public='1',des='Edit the database schema documentation',scope='general',privname='Edit Schema Documentation' WHERE privcode='schemadoc';
INSERT IGNORE INTO priv_list (privcode, privname, des, is_public, scope) VALUES ('sharedjournal', 'Shared Journal - Admin', 'Add or remove people\'s access to post in a shared journal.  The argument is the journal that\'s being administrated, or \'all\' for all journals.', '0', 'general');
UPDATE priv_list SET is_public='0',des='Add or remove people\'s access to post in a shared journal.  The argument is the journal that\'s being administrated, or \'all\' for all journals.',scope='general',privname='Shared Journal - Admin' WHERE privcode='sharedjournal';
INSERT IGNORE INTO priv_list (privcode, privname, des, is_public, scope) VALUES ('siteadmin', 'Administer Site', 'Different arguments of this priv lets users view/adjust certain critical site things.', '1', 'general');
UPDATE priv_list SET is_public='1',des='Different arguments of this priv lets users view/adjust certain critical site things.',scope='general',privname='Administer Site' WHERE privcode='siteadmin';
INSERT IGNORE INTO priv_list (privcode, privname, des, is_public, scope) VALUES ('supportclose', 'Support - Close Requests', 'Close old requests that users haven\'t closed themselves', '1', 'general');
UPDATE priv_list SET is_public='1',des='Close old requests that users haven\'t closed themselves',scope='general',privname='Support - Close Requests' WHERE privcode='supportclose';
INSERT IGNORE INTO priv_list (privcode, privname, des, is_public, scope) VALUES ('supportdelete', 'Support - Delete Requests', 'Delete duplicate or fake support requests.', '1', 'general');
UPDATE priv_list SET is_public='1',des='Delete duplicate or fake support requests.',scope='general',privname='Support - Delete Requests' WHERE privcode='supportdelete';
INSERT IGNORE INTO priv_list (privcode, privname, des, is_public, scope) VALUES ('supporthelp', 'Support - Help people', 'Gives you access to reply to people\'s support requests.', '1', 'general');
UPDATE priv_list SET is_public='1',des='Gives you access to reply to people\'s support requests.',scope='general',privname='Support - Help people' WHERE privcode='supporthelp';
INSERT IGNORE INTO priv_list (privcode, privname, des, is_public, scope) VALUES ('supportread', 'Support - Read Requests', 'Argument is the support category key you have access to read for.', '1', 'general');
UPDATE priv_list SET is_public='1',des='Argument is the support category key you have access to read for.',scope='general',privname='Support - Read Requests' WHERE privcode='supportread';
INSERT IGNORE INTO priv_list (privcode, privname, des, is_public, scope) VALUES ('suspend', 'Suspend accounts', 'Suspend or unsuspend user accounts: used by abuse team', '0', 'general');
UPDATE priv_list SET is_public='0',des='Suspend or unsuspend user accounts: used by abuse team',scope='general',privname='Suspend accounts' WHERE privcode='suspend';
INSERT IGNORE INTO priv_list (privcode, privname, des, is_public, scope) VALUES ('topicaddtopic', 'Topic Dir - Add Topics', 'Add/approve/deny new topics within a category.  The argument is the category number that the user has access in, or "all" for all categories.', '1', 'general');
UPDATE priv_list SET is_public='1',des='Add/approve/deny new topics within a category.  The argument is the category number that the user has access in, or "all" for all categories.',scope='general',privname='Topic Dir - Add Topics' WHERE privcode='topicaddtopic';
INSERT IGNORE INTO priv_list (privcode, privname, des, is_public, scope) VALUES ('topicmanager', 'Topic Dir - Manager', 'This privilege lets the user be the manager of the topic directory.  They can then create/edit topics, create/edit topic categories, etc.', '1', 'general');
UPDATE priv_list SET is_public='1',des='This privilege lets the user be the manager of the topic directory.  They can then create/edit topics, create/edit topic categories, etc.',scope='general',privname='Topic Dir - Manager' WHERE privcode='topicmanager';
INSERT IGNORE INTO priv_list (privcode, privname, des, is_public, scope) VALUES ('topicscreencat', 'Topic Dir - Screen Submissions', 'Approve or deny entries that are submitted to the directory.  The argument is the category number that the user has access in, or "all" for all categories.', '1', 'general');
UPDATE priv_list SET is_public='1',des='Approve or deny entries that are submitted to the directory.  The argument is the category number that the user has access in, or "all" for all categories.',scope='general',privname='Topic Dir - Screen Submissions' WHERE privcode='topicscreencat';
INSERT IGNORE INTO priv_list (privcode, privname, des, is_public, scope) VALUES ('translate', 'Translate/Update Text', 'Edit site text in a given language.  Argument is language code.  Optionally appended by |domainid.domaincode', '1', 'general');
UPDATE priv_list SET is_public='1',des='Edit site text in a given language.  Argument is language code.  Optionally appended by |domainid.domaincode',scope='general',privname='Translate/Update Text' WHERE privcode='translate';
INSERT IGNORE INTO priv_list (privcode, privname, des, is_public, scope) VALUES ('viewall', 'View All Entries', 'Allows abuse staff to view an entry even if protected.  Must explictily enter this mode, and then it\'s audited, to prevent people from abusing this mode.', '0', 'general');
UPDATE priv_list SET is_public='0',des='Allows abuse staff to view an entry even if protected.  Must explictily enter this mode, and then it\'s audited, to prevent people from abusing this mode.',scope='general',privname='View All Entries' WHERE privcode='viewall';
REPLACE INTO schemacols VALUES ('acctcode', 'acid', 'Account code ID.  Primary key.');
REPLACE INTO schemacols VALUES ('acctcode', 'auth', 'Five randomly generated bytes.  This, along with the acid encoded, make up the invite code.');
REPLACE INTO schemacols VALUES ('acctcode', 'rcptid', 'Userid of recipient, or 0 if code is unused.');
REPLACE INTO schemacols VALUES ('acctcode', 'userid', 'Userid that can give this code.');
REPLACE INTO schemacols VALUES ('acctinvite', 'acid', 'The resultant acid code in table [dbtable[acctcode]].');
REPLACE INTO schemacols VALUES ('acctinvite', 'dateadd', 'Date code was create.');
REPLACE INTO schemacols VALUES ('acctinvite', 'reason', 'Reason code for generating invite code.  See invite/gen.bml');
REPLACE INTO schemacols VALUES ('acctinvite', 'userid', 'Userid of [dbtable[user]] that code was made for.');
REPLACE INTO schemacols VALUES ('acctpay', 'acid', 'The account code ID from [dbtable[acctcode]].');
REPLACE INTO schemacols VALUES ('acctpay', 'payid', 'The payment ID from [dbtable[payments]].');
REPLACE INTO schemacols VALUES ('authactions', 'aaid', 'Primary key for each authaction.');
REPLACE INTO schemacols VALUES ('authactions', 'action', 'The action command name to be run when the authaction is confirmed (clicked/etc)');
REPLACE INTO schemacols VALUES ('authactions', 'arg1', 'Optional argument to accompany the action.');
REPLACE INTO schemacols VALUES ('authactions', 'authcode', 'Random characters (the confirmation bit)');
REPLACE INTO schemacols VALUES ('authactions', 'datecreate', 'Date the auth code was created.');
REPLACE INTO schemacols VALUES ('authactions', 'userid', 'Userid of [dbtable[user]] we\'re verifying.');
REPLACE INTO schemacols VALUES ('ban', 'banneduserid', 'The [dbtable[user]] userid of the bannee.');
REPLACE INTO schemacols VALUES ('ban', 'userid', 'The [dbtable[user]] userid of the banner.');
REPLACE INTO schemacols VALUES ('batchdelete', 'itsid', 'The hintid of whatever type to delete later.');
REPLACE INTO schemacols VALUES ('batchdelete', 'what', 'What type of hint needs to be purged.  There used to be many hints, but now this is always "hintlastn"');
REPLACE INTO schemacols VALUES ('clients', 'client', 'Client string, of form Platform-Name/Version.  See login mode of protocol docs.');
REPLACE INTO schemacols VALUES ('clients', 'clientid', 'Primary key.  Auto-generated for each new client name.');
REPLACE INTO schemacols VALUES ('clientusage', 'clientid', 'Clientid of client from [dbtable[clients]] table.');
REPLACE INTO schemacols VALUES ('clientusage', 'lastlogin', 'The most recent time this user used this client.');
REPLACE INTO schemacols VALUES ('clientusage', 'userid', 'Userid of [dbtable[user]] using client.');
REPLACE INTO schemacols VALUES ('cmdbuffer', 'args', 'A URL string of arguments.');
REPLACE INTO schemacols VALUES ('cmdbuffer', 'cbid', 'unique id');
REPLACE INTO schemacols VALUES ('cmdbuffer', 'cmd', 'Text of the command name.');
REPLACE INTO schemacols VALUES ('cmdbuffer', 'instime', 'The time the query was buffered. Not used by applications, but useful for debugging/humans.');
REPLACE INTO schemacols VALUES ('cmdbuffer', 'journalid', 'Journal id the command affects. This is so that all of a user\'s queued actions can be run before that user is potentially movedbetween clusters.');
REPLACE INTO schemacols VALUES ('community', 'membership', 'Can people join without being invited?');
REPLACE INTO schemacols VALUES ('community', 'ownerid', 'The userid of the [dbtable[user]] who primarily owns the community.  (many people can have equal privs)');
REPLACE INTO schemacols VALUES ('community', 'postlevel', 'Who can post?  Members only, or a select group.  "screened" is not yet used.');
REPLACE INTO schemacols VALUES ('community', 'userid', 'Community\'s userid from the [dbtable[user]] table.');
REPLACE INTO schemacols VALUES ('dbinfo', 'dbid', 'Unique database ID.  Recommended to use the mysql server-id value.');
REPLACE INTO schemacols VALUES ('dbinfo', 'fdsn', 'The DBI connection DSN, username, then password, delimited by pipe characters.');
REPLACE INTO schemacols VALUES ('dbinfo', 'masterid', 'The dbid which this server replicates from, or 0 for the master server.  Note: only one server should have a master of 0!');
REPLACE INTO schemacols VALUES ('dbinfo', 'name', 'A unique name of the server.');
REPLACE INTO schemacols VALUES ('dbinfo', 'rootfdsn', 'The fdsn to connect as root, to do administrative stuff.');
REPLACE INTO schemacols VALUES ('dbweights', 'curr', 'The current weighting value for this dbid+role.');
REPLACE INTO schemacols VALUES ('dbweights', 'dbid', 'The dbid from [dbtable[dbinfo]].');
REPLACE INTO schemacols VALUES ('dbweights', 'norm', 'The normal weighting value for this dbid+role.');
REPLACE INTO schemacols VALUES ('dbweights', 'role', 'The database role type:  master, slave, clusterN, clusterNslave, etc...  See other documentation.');
REPLACE INTO schemacols VALUES ('domains', 'domain', 'domain name, without any leading http:// or www.  Example:  foo.com');
REPLACE INTO schemacols VALUES ('domains', 'userid', 'Userid of [dbtable[user]] whose journal should be loaded.');
REPLACE INTO schemacols VALUES ('dudata', 'area', 'The type of usage: "L" for log, "T" for talk, "B" for bio, "P" for pic.');
REPLACE INTO schemacols VALUES ('dudata', 'areaid', 'Unique ID within area, or \'0\' if area has no ids (like bio)');
REPLACE INTO schemacols VALUES ('dudata', 'bytes', 'Number of bytes item takes up.');
REPLACE INTO schemacols VALUES ('dudata', 'userid', 'The userid the disk usage item belongs to.');
REPLACE INTO schemacols VALUES ('duplock', 'digest', 'The md5 digest of the event.  Concatenate everything important and run it through perl\'s md5_hex (or MySQL\'s md5)');
REPLACE INTO schemacols VALUES ('duplock', 'dupid', 'The unique ID this action generated the first time.');
REPLACE INTO schemacols VALUES ('duplock', 'instime', 'The time the action first completed.');
REPLACE INTO schemacols VALUES ('duplock', 'realm', 'The area of the site the lock is being provided for.');
REPLACE INTO schemacols VALUES ('duplock', 'reid', 'Realm ID.  If you don\'t need it (most don\'t), use 0.  Example: for comment realm, reid is the itemid being replied to.');
REPLACE INTO schemacols VALUES ('duplock', 'userid', 'The userid doing the action, or 0 if user is unknown (as in support realm)');
REPLACE INTO schemacols VALUES ('ibill_codes', 'code', 'unique code from ibill.com');
REPLACE INTO schemacols VALUES ('ibill_codes', 'ibid', 'unique id');
REPLACE INTO schemacols VALUES ('ibill_codes', 'sacct', 'type of account:  100, 101, 102, 500, 501, 502.  1xx for credit card, 5xx for 900 number, 00 for $25, 01 for $15, 02 for $5/$5.95');
REPLACE INTO schemacols VALUES ('ibill_codes', 'userid', '[dbtable[user]]-userid that used the cod');
REPLACE INTO schemacols VALUES ('log', 'allowmask', 'A bitmask ... bit 0 is for all friends.  bits 1-30 are used for [dbtable[friendgroup]]s. bit 31 is reserved.');
REPLACE INTO schemacols VALUES ('log', 'compressed', 'Either "N" or "Y", depending on whether the journal entry is compressed.  Not supported yet.  Always "N".');
REPLACE INTO schemacols VALUES ('log', 'day', 'The day of the eventtime.  Duplicated for an index.');
REPLACE INTO schemacols VALUES ('log', 'eventtime', 'The time of the entry, according to the user\'s system clock.');
REPLACE INTO schemacols VALUES ('log', 'itemid', 'The unique id given to the entry.');
REPLACE INTO schemacols VALUES ('log', 'logtime', 'The time of the entry, according to the server\'s clock.');
REPLACE INTO schemacols VALUES ('log', 'month', 'The month of the eventtime.  Duplicated for an index.');
REPLACE INTO schemacols VALUES ('log', 'ownerid', 'The [dbtable[user]] userid of the journal the entry is posted in.');
REPLACE INTO schemacols VALUES ('log', 'posterid', 'The [dbtable[user]] userid of the person that posted the entry.');
REPLACE INTO schemacols VALUES ('log', 'replycount', 'The number of people that have replied to this entry.');
REPLACE INTO schemacols VALUES ('log', 'security', 'The security level of the post.  "public" is for all, "private" is for only the poster, and "usemask" does a bitwase and of the allowmask and the groupmask of the friend viewing it.');
REPLACE INTO schemacols VALUES ('log', 'year', 'The year of the eventtime.  Duplicated for an index.');
REPLACE INTO schemacols VALUES ('logsubject', 'itemid', 'The journal entry\'s unique ID ... references [dbtable[log]].');
REPLACE INTO schemacols VALUES ('logsubject', 'subject', 'The subject of the journal entry.');
REPLACE INTO schemacols VALUES ('logtext', 'event', 'Journal entry text.');
REPLACE INTO schemacols VALUES ('logtext', 'itemid', 'The unique itemid of the journal entry.  References the [dbtable[log]] table.');
REPLACE INTO schemacols VALUES ('logtext', 'subject', 'Journal entry subject.  Also duplicated in the [dbtable[logsubject]] table.');
REPLACE INTO schemacols VALUES ('querybuffer', 'instime', 'The time the query was buffered.  Not used by applications, but useful for debugging/humans.');
REPLACE INTO schemacols VALUES ('querybuffer', 'qbid', 'unique id.');
REPLACE INTO schemacols VALUES ('querybuffer', 'query', 'The query to be run later.');
REPLACE INTO schemacols VALUES ('querybuffer', 'tablename', 'Table to lock to do this query.  Note:  query CANNOT reference any other table, else it will fail.  Need to make a querybuffer2 sometime that handles more complex locking');
REPLACE INTO schemacols VALUES ('schematables', 'des', 'A description of the table, for use in the schema browser, and in the LJ manual.');
REPLACE INTO schemacols VALUES ('schematables', 'public_browsable', 'If set to 1, users can view the data in this table from the web.  (lookup tables only)');
REPLACE INTO schemacols VALUES ('schematables', 'redist_mode', 'Determines if data from this table is made available in the LJ source distribution.  And if so, is it to be updated with upgrades (REPLACE INTO) or just inserted once.');
REPLACE INTO schemacols VALUES ('schematables', 'tablename', 'The name of the table being described.');
REPLACE INTO schemacols VALUES ('talk', 'nodeid', 'For type "L", the log itemid.  For type "T", the todo todoid.');
REPLACE INTO schemacols VALUES ('talk', 'nodetype', 'This field defines what type of thing in comment is in reply to.  Values can be "L" = log item (journal entry), "T" = todo item.');
REPLACE INTO schemacols VALUES ('talk', 'talkid', 'Each comment\'s unique id.');
REPLACE INTO schemacols VALUES ('themecoltypes', 'coltype', 'The color code name.');
REPLACE INTO schemacols VALUES ('themecoltypes', 'des', 'A description of how that color code is used.');
REPLACE INTO schemacols VALUES ('themecoltypes', 'sortorder', 'An integer specifying the order the color codes are to be displayed.');
REPLACE INTO schemacols VALUES ('themedata', 'color', 'The #rrggbb color (or one of the constants)');
REPLACE INTO schemacols VALUES ('themedata', 'coltype', 'The color code, references [dbtable[themecoltypes]].');
REPLACE INTO schemacols VALUES ('themedata', 'themeid', 'Unique ID, references [dbtable[themelist]] table.');
REPLACE INTO schemacols VALUES ('tracking', 'actdes', 'Activity code');
REPLACE INTO schemacols VALUES ('tracking', 'acttime', 'Time of activity');
REPLACE INTO schemacols VALUES ('tracking', 'associd', 'Activity id (depends on code)');
REPLACE INTO schemacols VALUES ('tracking', 'ip', 'IP address they were coming from');
REPLACE INTO schemacols VALUES ('tracking', 'userid', '[dbtable[user]]-userid');
REPLACE INTO schemacols VALUES ('user', 'track', 'If the police or a court has contact us to track a user, we turn this on and activities are logged to the [dbtable[tracking]] table.');
REPLACE INTO schemacols VALUES ('userproplist', 'datatype', 'Either "char" for text data, "num" for an integer, or "bool" for a 1/0 value.');
REPLACE INTO schemacols VALUES ('userproplist', 'des', 'Description of the meta-data, for use by developers (humans?)');
REPLACE INTO schemacols VALUES ('userproplist', 'name', 'Name of property, matching [a-z0-9_]+.  Intended for use by code and clients.');
REPLACE INTO schemacols VALUES ('userproplist', 'prettyname', 'Mixed case pretty name with spaces and punctuation.  Indeded for use by humans.');
REPLACE INTO schemacols VALUES ('userproplist', 'upropid', 'Unique id for this meta-data property.');
REPLACE INTO schemacols VALUES ('userusage', 'lastitemid', 'Itemid of their last post (see [dbtable[log]]/[dbtable[log2]])');
REPLACE INTO schemacols VALUES ('userusage', 'timecheck', 'unused.');
REPLACE INTO schemacols VALUES ('userusage', 'timecreate', 'When the user created their journal.');
REPLACE INTO schemacols VALUES ('userusage', 'timeupdate', 'When the user last updated their journal.');
REPLACE INTO schemacols VALUES ('userusage', 'userid', 'Userid of [dbtable[user]].  One row in this table per user.');
REPLACE INTO schemacols VALUES ('zip', 'city', 'City name');
REPLACE INTO schemacols VALUES ('zip', 'state', 'State code (see [dbtable[codes]] for how to turn this into a full state name)');
REPLACE INTO schemacols VALUES ('zip', 'zip', 'ZIP Code');
REPLACE INTO schemacols VALUES ('zips', 'FIPS', '??');
REPLACE INTO schemacols VALUES ('zips', 'Name', 'Name of city');
REPLACE INTO schemacols VALUES ('zips', 'State', 'State');
REPLACE INTO schemacols VALUES ('zips', 'alloc', '??');
REPLACE INTO schemacols VALUES ('zips', 'lat', 'Latitude');
REPLACE INTO schemacols VALUES ('zips', 'lon', 'Longitude');
REPLACE INTO schemacols VALUES ('zips', 'pop1990', 'Population in 1990.');
REPLACE INTO schemacols VALUES ('zips', 'zip', 'ZIP Code');
REPLACE INTO schematables VALUES ('acctcode', '0', 'off', NULL, 'Keeps track of valid invite codes and who has used them.  To see why they were made, see table [dbtable[acctinvite]].');
REPLACE INTO schematables VALUES ('acctinvite', '0', 'off', NULL, 'Keeps track of generated invite codes.');
REPLACE INTO schematables VALUES ('acctpay', '0', 'off', NULL, 'Keeps track of relationship between invite codes and payments.  Some people pay to join the site before they have an account, so their invite code carries with it the knowledge that it comes with paid time.');
REPLACE INTO schematables VALUES ('adopt', '0', 'off', NULL, 'unused.  designed for the "Adopt-a-newbie" system, but never fully implemented.');
REPLACE INTO schematables VALUES ('adoptlast', '0', 'off', NULL, 'unused.  designed for the "Adopt-a-newbie" system, but never fully implemented.');
REPLACE INTO schematables VALUES ('authactions', '0', 'off', NULL, 'When authenticating certain actions, the server generates an authaction along with some random characters (the authcode) and emails the aaid+authcode to the user to confirm they actually got it.\n');
REPLACE INTO schematables VALUES ('ban', '0', 'off', NULL, 'Keeps track of what users are banning other users.');
REPLACE INTO schematables VALUES ('batchdelete', '0', 'off', NULL, 'Each row in this table represent a hint that needs to be deleted sometime, but not now.  Hints only help speed queries.  Deleting them immediately slows the system, so they\'re batched up.  When it\'s detected a hint is old, the system adds to this table (which is much faster).  Hints are purged every few minutes.  Note that this table will eventually be replaced by the much more abstract and functional [dbtable[querybuffer]] table.');
REPLACE INTO schematables VALUES ('clients', '0', 'off', NULL, 'Keeps track of clients that access the protocol.\n\r\nWhenever the protocol encounters a new client, a new row (and thus a new clientid) is generated.');
REPLACE INTO schematables VALUES ('clientusage', '0', 'off', NULL, 'Keeps track of when different users use which clients, for purposes of statistics.');
REPLACE INTO schematables VALUES ('cmdbuffer', '0', 'off', NULL, 'Clustered version of [dbtable[querybuffer]]. Uses specialized commands instead of general table locking');
REPLACE INTO schematables VALUES ('codes', '1', 'replace', NULL, 'Lookup table for states, countries, languages, etc...');
REPLACE INTO schematables VALUES ('community', '0', 'off', NULL, 'Keeps track of properties of community accounts (which are just normal [dbtable[user]] accounts with some extra behavior)');
REPLACE INTO schematables VALUES ('dbinfo', '0', 'off', NULL, 'For LiveJournal installations with many databases, the database connection info, roles, and weightings can be stored in the database instead of the %LJ::DBINFO hash, for easier (web-based) management.\n');
REPLACE INTO schematables VALUES ('dbweights', '0', 'off', NULL, 'The [dbtable[dbinfo]] table keeps track of which databases exist.  This ones keeps track of each database\'s roles and weights.');
REPLACE INTO schematables VALUES ('domains', '0', 'off', NULL, 'Keeps track of user-owned domain names, and which journals they map to when pointed at the LiveJournal installation\'s IP address.');
REPLACE INTO schematables VALUES ('dudata', '0', 'off', NULL, 'Tracks user-based disk usage totals.');
REPLACE INTO schematables VALUES ('duplock', '0', 'off', NULL, 'Provides a place to record that an action has been done, so it doesn\'t get done a second time later by a user accidentally double-clicking a single-click button in their browser.\r\n\r\nThe idea is that the application should grab a write lock for both the table it\'s inserting into, and the duplock table.  Then, check the duplock table for a duplicate.  If it\'s already in there, unlock the tables and remember the dupid to tell the user (app should pretend it was the first time... don\'t show an error message!), or if it\'s not in there, put it in the table, and then put the resulting uniqueid from the table handler into the duplock table (as dupid).\r\n\r\nThe duplock table is purged every hour or so of all locks older than an hour.');
REPLACE INTO schematables VALUES ('faq', '0', 'off', NULL, '');
REPLACE INTO schematables VALUES ('faqcat', '1', 'off', NULL, 'Categories that frequently asked questions can be classified under');
REPLACE INTO schematables VALUES ('ibill_codes', '0', 'off', NULL, 'Used for the processing of ibill.com receipts/transactions.  Basically, it\'s a shared secret system... they give us a ton of codes and they give people buying payments those codes over time.  When we run out, we need to ask for more and import them again.');
REPLACE INTO schematables VALUES ('log', '0', 'off', NULL, 'This table holds all journal entries, although the table name may be confusing (LiveJournal was originally called "Brad\'s log").\r\n\r\nActually, this table only stores metadata about journal entries... the actual content is stored in [dbtable[logtext]].');
REPLACE INTO schematables VALUES ('logins', '0', 'off', NULL, 'this table sucks and will die, to be replaced by a new fast and small version.  poorly designed.  mad old.');
REPLACE INTO schematables VALUES ('logproplist', '1', 'replace', NULL, 'List of possible meta-data for journal entries.');
REPLACE INTO schematables VALUES ('logsubject', '0', 'off', NULL, 'This table is a subset of the [dbtable[logtext]] table.  This table is for selects when we know we only want the subject and we\'re selecting a lot of entries.  The number of disk seeks is less.');
REPLACE INTO schematables VALUES ('logtext', '0', 'off', NULL, 'This holds all the variable-length data for journal entries.');
REPLACE INTO schematables VALUES ('moods', '0', 'replace', NULL, '');
REPLACE INTO schematables VALUES ('priv_list', '1', 'replace', NULL, 'List of different admin privileges that users can have.');
REPLACE INTO schematables VALUES ('querybuffer', '0', 'off', NULL, 'Place to hold queries to do later in an efficient batch under an explicit table lock.  Currently they\'re done every 10 seconds, but this will be changed to be dependent on the table they\'re being buffered for.  The reason for this is because 2 writes/second is slow on often-read tables, but a batch of 20 or 30 every 10 seconds is very fast, if inside a LOCK TABLES ... UNLOCK TABLES');
REPLACE INTO schematables VALUES ('schemacols', '0', 'replace', NULL, '');
REPLACE INTO schematables VALUES ('schematables', '0', 'replace', NULL, 'This table is the documentation for the database tables.');
REPLACE INTO schematables VALUES ('style', '0', 'off', NULL, NULL);
REPLACE INTO schematables VALUES ('supportcat', '1', 'insert', 'catkey=\'general\'', 'Categories for support system');
REPLACE INTO schematables VALUES ('talk', '0', 'off', NULL, 'Holds all fixed-length data about comments to journal entries.  Indexes are all on this table.  The actual text is in talktext, and the meta-data is in textprop.');
REPLACE INTO schematables VALUES ('talkproplist', '1', 'replace', NULL, 'List of possible meta-data for comments.');
REPLACE INTO schematables VALUES ('themecoltypes', '1', 'replace', NULL, 'The types of color codes there can be.  Part of the style system, version 1.');
REPLACE INTO schematables VALUES ('themedata', '0', 'replace', NULL, 'Lists the system colors themes available to users.');
REPLACE INTO schematables VALUES ('themelist', '1', 'replace', NULL, 'Different color schemes.  Hopefully this will die when the new style system replaces the current one.');
REPLACE INTO schematables VALUES ('tracking', '0', 'off', NULL, 'We\'ve had police and other authorities have us track some users with criminal activities going on.  This table records those actions, when the user\'s tracking attribute is turned on in the [dbtable[user]] table.');
REPLACE INTO schematables VALUES ('user', '0', 'off', NULL, '');
REPLACE INTO schematables VALUES ('userproplist', '1', 'replace', NULL, 'List of possible meta-data on users.');
REPLACE INTO schematables VALUES ('userusage', '0', 'off', NULL, 'Keep track of when [dbtable[user]]s did certain things.');
REPLACE INTO schematables VALUES ('zip', '0', 'off', NULL, 'ZIP Code table used to validate and auto-complete data that users enter about their location.  More information can be found in the redudant table [dbtable[zips]], which was imported later.');
REPLACE INTO schematables VALUES ('zips', '0', 'off', NULL, 'ZIP Code data for the United States that includes geographic coordinates.  Only used with a ljmaint script that generates marker files for use in making xplanet maps.  Most the LJ code uses the [dbtable[zip]] table instead.');
INSERT IGNORE INTO supportcat (catkey, catname, sortorder, basepoints, is_selectable, public_read, public_help, allow_screened, hide_helpers, replyaddress, no_autoreply, scope) VALUES ('general', 'General/Unknown', '2', '1', '1', '1', '0', '1', '0', NULL, '0', 'general');
UPDATE supportcat SET public_read='1',no_autoreply='0',is_selectable='1',sortorder='2',allow_screened='1',public_help='0',scope='general',basepoints='1',replyaddress=NULL,catname='General/Unknown',hide_helpers='0' WHERE catkey='general';
INSERT IGNORE INTO talkproplist (name, prettyname, datatype, des, scope) VALUES ('deleted_poster', 'Username of deleted poster', 'char', 'If the comment poster\'s account is deleted, this field gets added to all of their posts, so the UI can show something besides \'anonymous\' when posterid gets set to 0', 'general');
UPDATE talkproplist SET des='If the comment poster\'s account is deleted, this field gets added to all of their posts, so the UI can show something besides \'anonymous\' when posterid gets set to 0',prettyname='Username of deleted poster',scope='general',datatype='char' WHERE name='deleted_poster';
INSERT IGNORE INTO talkproplist (name, prettyname, datatype, des, scope) VALUES ('opt_preformatted', 'Don\'t Auto-Format', 'bool', 'Turn on if post contains HTML and shouldn\'t be formatted', 'general');
UPDATE talkproplist SET des='Turn on if post contains HTML and shouldn\'t be formatted',prettyname='Don\'t Auto-Format',scope='general',datatype='bool' WHERE name='opt_preformatted';
INSERT IGNORE INTO talkproplist (name, prettyname, datatype, des, scope) VALUES ('picture_keyword', 'Picture Keyword', 'char', 'A keyword that should align to a defined picture', 'general');
UPDATE talkproplist SET des='A keyword that should align to a defined picture',prettyname='Picture Keyword',scope='general',datatype='char' WHERE name='picture_keyword';
INSERT IGNORE INTO talkproplist (name, prettyname, datatype, des, scope) VALUES ('poster_ip', 'Poster\'s IP address', 'char', 'The poster\'s IP address, optionally logged.', 'general');
UPDATE talkproplist SET des='The poster\'s IP address, optionally logged.',prettyname='Poster\'s IP address',scope='general',datatype='char' WHERE name='poster_ip';
INSERT IGNORE INTO talkproplist (name, prettyname, datatype, des, scope) VALUES ('subjecticon', 'Subject Icon', 'char', 'partial filename for subject icon to use', 'general');
UPDATE talkproplist SET des='partial filename for subject icon to use',prettyname='Subject Icon',scope='general',datatype='char' WHERE name='subjecticon';
INSERT IGNORE INTO talkproplist (name, prettyname, datatype, des, scope) VALUES ('unknown8bit', 'Unknown 8-bit text', 'bool', 'True if text has 8-bit data that\'s not in UTF-8', 'general');
UPDATE talkproplist SET des='True if text has 8-bit data that\'s not in UTF-8',prettyname='Unknown 8-bit text',scope='general',datatype='bool' WHERE name='unknown8bit';
REPLACE INTO themecoltypes VALUES ('page_alink', 'Page active link', '25');
REPLACE INTO themecoltypes VALUES ('page_back', 'Page background', '5');
REPLACE INTO themecoltypes VALUES ('page_link', 'Page link', '15');
REPLACE INTO themecoltypes VALUES ('page_text', 'Page text', '10');
REPLACE INTO themecoltypes VALUES ('page_text_em', 'Page emphasized text', '30');
REPLACE INTO themecoltypes VALUES ('page_text_title', 'Page title', '35');
REPLACE INTO themecoltypes VALUES ('page_vlink', 'Page visited link', '20');
REPLACE INTO themecoltypes VALUES ('strong_back', 'Strong accent', '50');
REPLACE INTO themecoltypes VALUES ('strong_text', 'Text on strong accent', '55');
REPLACE INTO themecoltypes VALUES ('stronger_back', 'Stronger accent', '60');
REPLACE INTO themecoltypes VALUES ('stronger_text', 'Text on stronger accent', '65');
REPLACE INTO themecoltypes VALUES ('weak_back', 'Weak accent', '40');
REPLACE INTO themecoltypes VALUES ('weak_text', 'Text on weak accent', '45');
REPLACE INTO themedata VALUES ('1', 'page_alink', '#FF00C0');
REPLACE INTO themedata VALUES ('1', 'page_back', '#FFFFFF');
REPLACE INTO themedata VALUES ('1', 'page_link', '#000050');
REPLACE INTO themedata VALUES ('1', 'page_text', '#000000');
REPLACE INTO themedata VALUES ('1', 'page_text_em', '#C00000');
REPLACE INTO themedata VALUES ('1', 'page_text_title', '#8b1A1A');
REPLACE INTO themedata VALUES ('1', 'page_vlink', '#500050');
REPLACE INTO themedata VALUES ('1', 'strong_back', '#C0C0FF');
REPLACE INTO themedata VALUES ('1', 'strong_text', '#000000');
REPLACE INTO themedata VALUES ('1', 'stronger_back', '#6666CC');
REPLACE INTO themedata VALUES ('1', 'stronger_text', '#FFFFFF');
REPLACE INTO themedata VALUES ('1', 'weak_back', '#EEEEFF');
REPLACE INTO themedata VALUES ('1', 'weak_text', '#000000');
REPLACE INTO themedata VALUES ('10', 'page_alink', '#f9b7ff');
REPLACE INTO themedata VALUES ('10', 'page_back', '#b93b8f');
REPLACE INTO themedata VALUES ('10', 'page_link', 'white');
REPLACE INTO themedata VALUES ('10', 'page_text', '#f9b7ff');
REPLACE INTO themedata VALUES ('10', 'page_text_em', '#d0d0d0');
REPLACE INTO themedata VALUES ('10', 'page_text_title', '#e6a9ec');
REPLACE INTO themedata VALUES ('10', 'page_vlink', '#e6a9ec');
REPLACE INTO themedata VALUES ('10', 'strong_back', '#c38ec7');
REPLACE INTO themedata VALUES ('10', 'strong_text', '#7e587e');
REPLACE INTO themedata VALUES ('10', 'stronger_back', '#f9b7ff');
REPLACE INTO themedata VALUES ('10', 'stronger_text', '#b93b8f');
REPLACE INTO themedata VALUES ('10', 'weak_back', '#7e587e');
REPLACE INTO themedata VALUES ('10', 'weak_text', '#f9b7ff');
REPLACE INTO themedata VALUES ('11', 'page_alink', '#cc33ff');
REPLACE INTO themedata VALUES ('11', 'page_back', '#eafeff');
REPLACE INTO themedata VALUES ('11', 'page_link', 'Red');
REPLACE INTO themedata VALUES ('11', 'page_text', 'Black');
REPLACE INTO themedata VALUES ('11', 'page_text_em', 'Black');
REPLACE INTO themedata VALUES ('11', 'page_text_title', '#000099');
REPLACE INTO themedata VALUES ('11', 'page_vlink', '#cc33ff');
REPLACE INTO themedata VALUES ('11', 'strong_back', '#330099');
REPLACE INTO themedata VALUES ('11', 'strong_text', 'White');
REPLACE INTO themedata VALUES ('11', 'stronger_back', 'White');
REPLACE INTO themedata VALUES ('11', 'stronger_text', 'Black');
REPLACE INTO themedata VALUES ('11', 'weak_back', '#000066');
REPLACE INTO themedata VALUES ('11', 'weak_text', 'White');
REPLACE INTO themedata VALUES ('12', 'page_alink', '#FFCBCB');
REPLACE INTO themedata VALUES ('12', 'page_back', '#00025C');
REPLACE INTO themedata VALUES ('12', 'page_link', '#C0C0C0');
REPLACE INTO themedata VALUES ('12', 'page_text', '#FEFFBB');
REPLACE INTO themedata VALUES ('12', 'page_text_em', '#00FF00');
REPLACE INTO themedata VALUES ('12', 'page_text_title', '#ADB1FF');
REPLACE INTO themedata VALUES ('12', 'page_vlink', '#FFCBCB');
REPLACE INTO themedata VALUES ('12', 'strong_back', '#01059D');
REPLACE INTO themedata VALUES ('12', 'strong_text', '#FCDDFF');
REPLACE INTO themedata VALUES ('12', 'stronger_back', '#00025C');
REPLACE INTO themedata VALUES ('12', 'stronger_text', '#FF8B8B');
REPLACE INTO themedata VALUES ('12', 'weak_back', '#01059D');
REPLACE INTO themedata VALUES ('12', 'weak_text', '#FCDDFF');
REPLACE INTO themedata VALUES ('13', 'page_alink', '#E44545');
REPLACE INTO themedata VALUES ('13', 'page_back', 'white');
REPLACE INTO themedata VALUES ('13', 'page_link', '#E44545');
REPLACE INTO themedata VALUES ('13', 'page_text', 'black');
REPLACE INTO themedata VALUES ('13', 'page_text_em', '#007537');
REPLACE INTO themedata VALUES ('13', 'page_text_title', 'black');
REPLACE INTO themedata VALUES ('13', 'page_vlink', '#E44545');
REPLACE INTO themedata VALUES ('13', 'strong_back', 'white');
REPLACE INTO themedata VALUES ('13', 'strong_text', '#007537');
REPLACE INTO themedata VALUES ('13', 'stronger_back', '#D5E6C4');
REPLACE INTO themedata VALUES ('13', 'stronger_text', '#007537');
REPLACE INTO themedata VALUES ('13', 'weak_back', '#FBE3E3');
REPLACE INTO themedata VALUES ('13', 'weak_text', '#007537');
REPLACE INTO themedata VALUES ('2', 'page_alink', '#FF00C0');
REPLACE INTO themedata VALUES ('2', 'page_back', '#FFFFDF');
REPLACE INTO themedata VALUES ('2', 'page_link', '#000050');
REPLACE INTO themedata VALUES ('2', 'page_text', '#000000');
REPLACE INTO themedata VALUES ('2', 'page_text_em', '#C00000');
REPLACE INTO themedata VALUES ('2', 'page_text_title', '#8b1A1A');
REPLACE INTO themedata VALUES ('2', 'page_vlink', '#500050');
REPLACE INTO themedata VALUES ('2', 'strong_back', '#FFFFC0');
REPLACE INTO themedata VALUES ('2', 'strong_text', '#000000');
REPLACE INTO themedata VALUES ('2', 'stronger_back', '#303030');
REPLACE INTO themedata VALUES ('2', 'stronger_text', '#FFFFFF');
REPLACE INTO themedata VALUES ('2', 'weak_back', '#DFFFDF');
REPLACE INTO themedata VALUES ('2', 'weak_text', '#0000FF');
REPLACE INTO themedata VALUES ('3', 'page_alink', '#FFFF00');
REPLACE INTO themedata VALUES ('3', 'page_back', '#000000');
REPLACE INTO themedata VALUES ('3', 'page_link', '#FFD000');
REPLACE INTO themedata VALUES ('3', 'page_text', '#FFFFFF');
REPLACE INTO themedata VALUES ('3', 'page_text_em', '#FFC000');
REPLACE INTO themedata VALUES ('3', 'page_text_title', '#FFFFFF');
REPLACE INTO themedata VALUES ('3', 'page_vlink', '#FFD040');
REPLACE INTO themedata VALUES ('3', 'strong_back', '#FFFF30');
REPLACE INTO themedata VALUES ('3', 'strong_text', '#000000');
REPLACE INTO themedata VALUES ('3', 'stronger_back', '#FFFF00');
REPLACE INTO themedata VALUES ('3', 'stronger_text', '#000000');
REPLACE INTO themedata VALUES ('3', 'weak_back', '#606060');
REPLACE INTO themedata VALUES ('3', 'weak_text', '#FFFFFF');
REPLACE INTO themedata VALUES ('4', 'page_alink', '#FF0000');
REPLACE INTO themedata VALUES ('4', 'page_back', '#FFFFFF');
REPLACE INTO themedata VALUES ('4', 'page_link', '#0000FF');
REPLACE INTO themedata VALUES ('4', 'page_text', '#000000');
REPLACE INTO themedata VALUES ('4', 'page_text_em', '#000000');
REPLACE INTO themedata VALUES ('4', 'page_text_title', '#000000');
REPLACE INTO themedata VALUES ('4', 'page_vlink', '#800080');
REPLACE INTO themedata VALUES ('4', 'strong_back', '#C0C0C0');
REPLACE INTO themedata VALUES ('4', 'strong_text', '#000000');
REPLACE INTO themedata VALUES ('4', 'stronger_back', '#909090');
REPLACE INTO themedata VALUES ('4', 'stronger_text', '#000000');
REPLACE INTO themedata VALUES ('4', 'weak_back', '#E0E0E0');
REPLACE INTO themedata VALUES ('4', 'weak_text', '#000000');
REPLACE INTO themedata VALUES ('5', 'page_alink', '#FF0000');
REPLACE INTO themedata VALUES ('5', 'page_back', '#000000');
REPLACE INTO themedata VALUES ('5', 'page_link', '#7070FF');
REPLACE INTO themedata VALUES ('5', 'page_text', '#FFFFFF');
REPLACE INTO themedata VALUES ('5', 'page_text_em', '#FFFFFF');
REPLACE INTO themedata VALUES ('5', 'page_text_title', '#FFFFFF');
REPLACE INTO themedata VALUES ('5', 'page_vlink', '#FF70FF');
REPLACE INTO themedata VALUES ('5', 'strong_back', '#707070');
REPLACE INTO themedata VALUES ('5', 'strong_text', '#FFFFFF');
REPLACE INTO themedata VALUES ('5', 'stronger_back', '#6F6F6F');
REPLACE INTO themedata VALUES ('5', 'stronger_text', '#FFFFFF');
REPLACE INTO themedata VALUES ('5', 'weak_back', '#404040');
REPLACE INTO themedata VALUES ('5', 'weak_text', '#FFFFFF');
REPLACE INTO themedata VALUES ('6', 'page_alink', '#FF0000');
REPLACE INTO themedata VALUES ('6', 'page_back', '#FFFFFF');
REPLACE INTO themedata VALUES ('6', 'page_link', '#C00090');
REPLACE INTO themedata VALUES ('6', 'page_text', '#FF133A');
REPLACE INTO themedata VALUES ('6', 'page_text_em', '#FF0000');
REPLACE INTO themedata VALUES ('6', 'page_text_title', '#800000');
REPLACE INTO themedata VALUES ('6', 'page_vlink', '#900090');
REPLACE INTO themedata VALUES ('6', 'strong_back', '#FF6982');
REPLACE INTO themedata VALUES ('6', 'strong_text', '#FFFFFF');
REPLACE INTO themedata VALUES ('6', 'stronger_back', '#FA0029');
REPLACE INTO themedata VALUES ('6', 'stronger_text', '#FFFFFF');
REPLACE INTO themedata VALUES ('6', 'weak_back', '#FFC1CB');
REPLACE INTO themedata VALUES ('6', 'weak_text', '#FF0000');
REPLACE INTO themedata VALUES ('7', 'page_alink', '#AD39FF');
REPLACE INTO themedata VALUES ('7', 'page_back', '#FFFFFF');
REPLACE INTO themedata VALUES ('7', 'page_link', '#009007');
REPLACE INTO themedata VALUES ('7', 'page_text', '#006005');
REPLACE INTO themedata VALUES ('7', 'page_text_em', '#DD57FF');
REPLACE INTO themedata VALUES ('7', 'page_text_title', '#005614');
REPLACE INTO themedata VALUES ('7', 'page_vlink', '#00B208');
REPLACE INTO themedata VALUES ('7', 'strong_back', '#00A427');
REPLACE INTO themedata VALUES ('7', 'strong_text', '#FFFFFF');
REPLACE INTO themedata VALUES ('7', 'stronger_back', '#005614');
REPLACE INTO themedata VALUES ('7', 'stronger_text', '#FFFFFF');
REPLACE INTO themedata VALUES ('7', 'weak_back', '#AFEFBE');
REPLACE INTO themedata VALUES ('7', 'weak_text', '#005614');
REPLACE INTO themedata VALUES ('8', 'page_alink', 'blue');
REPLACE INTO themedata VALUES ('8', 'page_back', 'black');
REPLACE INTO themedata VALUES ('8', 'page_link', '#CC6600');
REPLACE INTO themedata VALUES ('8', 'page_text', '#CCCC00');
REPLACE INTO themedata VALUES ('8', 'page_text_em', '#FFCC00');
REPLACE INTO themedata VALUES ('8', 'page_text_title', '#009900');
REPLACE INTO themedata VALUES ('8', 'page_vlink', '#990000');
REPLACE INTO themedata VALUES ('8', 'strong_back', '#336600');
REPLACE INTO themedata VALUES ('8', 'strong_text', '#00CC00');
REPLACE INTO themedata VALUES ('8', 'stronger_back', 'black');
REPLACE INTO themedata VALUES ('8', 'stronger_text', 'black');
REPLACE INTO themedata VALUES ('8', 'weak_back', '#003333');
REPLACE INTO themedata VALUES ('8', 'weak_text', '#99CC66');
REPLACE INTO themedata VALUES ('9', 'page_alink', 'green');
REPLACE INTO themedata VALUES ('9', 'page_back', '#FFCC00');
REPLACE INTO themedata VALUES ('9', 'page_link', '#6633FF');
REPLACE INTO themedata VALUES ('9', 'page_text', 'black');
REPLACE INTO themedata VALUES ('9', 'page_text_em', 'blue');
REPLACE INTO themedata VALUES ('9', 'page_text_title', '#CC0000');
REPLACE INTO themedata VALUES ('9', 'page_vlink', '#FF33FF');
REPLACE INTO themedata VALUES ('9', 'strong_back', '#CC0000');
REPLACE INTO themedata VALUES ('9', 'strong_text', '#FF9900');
REPLACE INTO themedata VALUES ('9', 'stronger_back', '#FFCC00');
REPLACE INTO themedata VALUES ('9', 'stronger_text', '#FF9900');
REPLACE INTO themedata VALUES ('9', 'weak_back', '#FF9900');
REPLACE INTO themedata VALUES ('9', 'weak_text', 'black');
REPLACE INTO themelist VALUES ('1', 'Soft Blues and White (Classic)');
REPLACE INTO themelist VALUES ('10', 'Pink & Gray');
REPLACE INTO themelist VALUES ('11', 'Blues');
REPLACE INTO themelist VALUES ('12', 'MysticBlue');
REPLACE INTO themelist VALUES ('13', 'Watermelon');
REPLACE INTO themelist VALUES ('2', 'Yellow/Green Pastels');
REPLACE INTO themelist VALUES ('3', 'Bumblebee');
REPLACE INTO themelist VALUES ('4', 'Black on White w/ light grays');
REPLACE INTO themelist VALUES ('5', 'White on Black w/ dark grays');
REPLACE INTO themelist VALUES ('6', 'Valentine\'s Day');
REPLACE INTO themelist VALUES ('7', 'Leprechaun');
REPLACE INTO themelist VALUES ('8', 'Foresty Nature Kinda');
REPLACE INTO themelist VALUES ('9', 'Supernova');
INSERT IGNORE INTO userproplist (name, indexed, prettyname, datatype, des, scope) VALUES ('aolim', '1', 'AOL Instant Messanger', 'char', 'AOL IM ScreenName', 'general');
UPDATE userproplist SET des='AOL IM ScreenName',prettyname='AOL Instant Messanger',indexed='1',scope='general',datatype='char' WHERE name='aolim';
INSERT IGNORE INTO userproplist (name, indexed, prettyname, datatype, des, scope) VALUES ('browselang', '1', 'Language to browse with', 'char', 'LJ lang code in ml_langs', 'general');
UPDATE userproplist SET des='LJ lang code in ml_langs',prettyname='Language to browse with',indexed='1',scope='general',datatype='char' WHERE name='browselang';
INSERT IGNORE INTO userproplist (name, indexed, prettyname, datatype, des, scope) VALUES ('city', '1', 'City', 'char', 'City lived in.', 'general');
UPDATE userproplist SET des='City lived in.',prettyname='City',indexed='1',scope='general',datatype='char' WHERE name='city';
INSERT IGNORE INTO userproplist (name, indexed, prettyname, datatype, des, scope) VALUES ('country', '1', 'Country', 'char', '2 letter country code', 'general');
UPDATE userproplist SET des='2 letter country code',prettyname='Country',indexed='1',scope='general',datatype='char' WHERE name='country';
INSERT IGNORE INTO userproplist (name, indexed, prettyname, datatype, des, scope) VALUES ('gender', '1', 'Gender', 'char', 'M: male, F: female, U: unspecified', 'general');
UPDATE userproplist SET des='M: male, F: female, U: unspecified',prettyname='Gender',indexed='1',scope='general',datatype='char' WHERE name='gender';
INSERT IGNORE INTO userproplist (name, indexed, prettyname, datatype, des, scope) VALUES ('howhear', '0', 'How heard about LiveJouranl', 'char', 'How the user heard about LiveJournal', 'general');
UPDATE userproplist SET des='How the user heard about LiveJournal',prettyname='How heard about LiveJouranl',indexed='0',scope='general',datatype='char' WHERE name='howhear';
INSERT IGNORE INTO userproplist (name, indexed, prettyname, datatype, des, scope) VALUES ('icq', '1', 'ICQ', 'char', 'ICQ Number', 'general');
UPDATE userproplist SET des='ICQ Number',prettyname='ICQ',indexed='1',scope='general',datatype='char' WHERE name='icq';
INSERT IGNORE INTO userproplist (name, indexed, prettyname, datatype, des, scope) VALUES ('jabber', '1', 'Jabber Address', 'char', 'Jabber address (username@server)', 'general');
UPDATE userproplist SET des='Jabber address (username@server)',prettyname='Jabber Address',indexed='1',scope='general',datatype='char' WHERE name='jabber';
INSERT IGNORE INTO userproplist (name, indexed, prettyname, datatype, des, scope) VALUES ('journaldomain', '0', 'Domain Alias', 'char', 'Domain which will load user\'s journal', 'general');
UPDATE userproplist SET des='Domain which will load user\'s journal',prettyname='Domain Alias',indexed='0',scope='general',datatype='char' WHERE name='journaldomain';
INSERT IGNORE INTO userproplist (name, indexed, prettyname, datatype, des, scope) VALUES ('mailencoding', '0', 'Mail Encoding', 'num', 'Encoding in which to mail comments to the user. Defaults to UTF-8.', 'general');
UPDATE userproplist SET des='Encoding in which to mail comments to the user. Defaults to UTF-8.',prettyname='Mail Encoding',indexed='0',scope='general',datatype='num' WHERE name='mailencoding';
INSERT IGNORE INTO userproplist (name, indexed, prettyname, datatype, des, scope) VALUES ('msn', '1', 'MSN Username', 'char', 'MSN Username', 'general');
UPDATE userproplist SET des='MSN Username',prettyname='MSN Username',indexed='1',scope='general',datatype='char' WHERE name='msn';
INSERT IGNORE INTO userproplist (name, indexed, prettyname, datatype, des, scope) VALUES ('newesteventtime', '0', 'Newest event time', 'char', 'Time (user-side) of the user\'s last entry in their personal journal', 'general');
UPDATE userproplist SET des='Time (user-side) of the user\'s last entry in their personal journal',prettyname='Newest event time',indexed='0',scope='general',datatype='char' WHERE name='newesteventtime';
INSERT IGNORE INTO userproplist (name, indexed, prettyname, datatype, des, scope) VALUES ('opt_bdaymail', '1', 'Get Birthday Reminders', 'bool', '0: don\'t get birthday reminder mail, 1: do get birthday reminder mail', 'general');
UPDATE userproplist SET des='0: don\'t get birthday reminder mail, 1: do get birthday reminder mail',prettyname='Get Birthday Reminders',indexed='1',scope='general',datatype='bool' WHERE name='opt_bdaymail';
INSERT IGNORE INTO userproplist (name, indexed, prettyname, datatype, des, scope) VALUES ('opt_blockrobots', '1', 'Block Robots & Spiders', 'bool', '1: don\'t allow robots, 0: do', 'general');
UPDATE userproplist SET des='1: don\'t allow robots, 0: do',prettyname='Block Robots & Spiders',indexed='1',scope='general',datatype='bool' WHERE name='opt_blockrobots';
INSERT IGNORE INTO userproplist (name, indexed, prettyname, datatype, des, scope) VALUES ('opt_hidefriendofs', '0', 'Hide Friend-Of List', 'bool', '0: show friendofs, 1: hide friendofs', 'general');
UPDATE userproplist SET des='0: show friendofs, 1: hide friendofs',prettyname='Hide Friend-Of List',indexed='0',scope='general',datatype='bool' WHERE name='opt_hidefriendofs';
INSERT IGNORE INTO userproplist (name, indexed, prettyname, datatype, des, scope) VALUES ('opt_logcommentips', '1', 'Log Comment IPs', 'char', 'N: No, S: some (anonymous), A: all', 'general');
UPDATE userproplist SET des='N: No, S: some (anonymous), A: all',prettyname='Log Comment IPs',indexed='1',scope='general',datatype='char' WHERE name='opt_logcommentips';
INSERT IGNORE INTO userproplist (name, indexed, prettyname, datatype, des, scope) VALUES ('opt_maxpicheight', '1', 'Max Picture Height', '', 'Maxium picture height to be shown in journal before being linkitized.  0: for no max', 'general');
UPDATE userproplist SET des='Maxium picture height to be shown in journal before being linkitized.  0: for no max',prettyname='Max Picture Height',indexed='1',scope='general',datatype='' WHERE name='opt_maxpicheight';
INSERT IGNORE INTO userproplist (name, indexed, prettyname, datatype, des, scope) VALUES ('opt_maxpicwidth', '1', 'Max Picture Width', '', 'Maxium picture width to be shown in journal before being linkitized.  0: for no max', 'general');
UPDATE userproplist SET des='Maxium picture width to be shown in journal before being linkitized.  0: for no max',prettyname='Max Picture Width',indexed='1',scope='general',datatype='' WHERE name='opt_maxpicwidth';
INSERT IGNORE INTO userproplist (name, indexed, prettyname, datatype, des, scope) VALUES ('opt_maxwordlength', '1', 'Max Word Length', '', 'Maxium word length before forced word breaks.  0: for no max', 'general');
UPDATE userproplist SET des='Maxium word length before forced word breaks.  0: for no max',prettyname='Max Word Length',indexed='1',scope='general',datatype='' WHERE name='opt_maxwordlength';
INSERT IGNORE INTO userproplist (name, indexed, prettyname, datatype, des, scope) VALUES ('opt_nctalklinks', '0', 'Show number of comments in URL', 'bool', 'Show number of comments in URL', 'general');
UPDATE userproplist SET des='Show number of comments in URL',prettyname='Show number of comments in URL',indexed='0',scope='general',datatype='bool' WHERE name='opt_nctalklinks';
INSERT IGNORE INTO userproplist (name, indexed, prettyname, datatype, des, scope) VALUES ('opt_notalkicons', '1', 'No Forum Icons', 'bool', '1: no forum icons shown, 0: default, show them', 'general');
UPDATE userproplist SET des='1: no forum icons shown, 0: default, show them',prettyname='No Forum Icons',indexed='1',scope='general',datatype='bool' WHERE name='opt_notalkicons';
INSERT IGNORE INTO userproplist (name, indexed, prettyname, datatype, des, scope) VALUES ('opt_showtopicstuff', '1', 'Topic Directory Integration', 'char', 'Y: include links to topic directory, N: don\'t.', 'general');
UPDATE userproplist SET des='Y: include links to topic directory, N: don\'t.',prettyname='Topic Directory Integration',indexed='1',scope='general',datatype='char' WHERE name='opt_showtopicstuff';
INSERT IGNORE INTO userproplist (name, indexed, prettyname, datatype, des, scope) VALUES ('opt_usesharedpic', '1', 'Use Shared Journal Pic', 'bool', '1: friends view uses shared pictures, 0: uses poster\'s picture', 'general');
UPDATE userproplist SET des='1: friends view uses shared pictures, 0: uses poster\'s picture',prettyname='Use Shared Journal Pic',indexed='1',scope='general',datatype='bool' WHERE name='opt_usesharedpic';
INSERT IGNORE INTO userproplist (name, indexed, prettyname, datatype, des, scope) VALUES ('opt_whatemailshow', '1', 'Which email address to display', 'char', 'N: none, A: actual, L: livejournal, B: both', 'general');
UPDATE userproplist SET des='N: none, A: actual, L: livejournal, B: both',prettyname='Which email address to display',indexed='1',scope='general',datatype='char' WHERE name='opt_whatemailshow';
INSERT IGNORE INTO userproplist (name, indexed, prettyname, datatype, des, scope) VALUES ('s1_calendar_style', '0', 'Calendar View StyleID', 'num', 'The style ID# of the S1 style for the calendar view.', 'general');
UPDATE userproplist SET des='The style ID# of the S1 style for the calendar view.',prettyname='Calendar View StyleID',indexed='0',scope='general',datatype='num' WHERE name='s1_calendar_style';
INSERT IGNORE INTO userproplist (name, indexed, prettyname, datatype, des, scope) VALUES ('s1_day_style', '0', 'Day View StyleID', 'num', 'The style ID# of the S1 style for the day view view.', 'general');
UPDATE userproplist SET des='The style ID# of the S1 style for the day view view.',prettyname='Day View StyleID',indexed='0',scope='general',datatype='num' WHERE name='s1_day_style';
INSERT IGNORE INTO userproplist (name, indexed, prettyname, datatype, des, scope) VALUES ('s1_friends_style', '0', 'Friends View StyleID', 'num', 'The style ID# of the S1 style for the friends view page.', 'general');
UPDATE userproplist SET des='The style ID# of the S1 style for the friends view page.',prettyname='Friends View StyleID',indexed='0',scope='general',datatype='num' WHERE name='s1_friends_style';
INSERT IGNORE INTO userproplist (name, indexed, prettyname, datatype, des, scope) VALUES ('s1_lastn_style', '0', 'Recent View StyleID', 'num', 'The style ID# of the S1 style for the recent entries view.', 'general');
UPDATE userproplist SET des='The style ID# of the S1 style for the recent entries view.',prettyname='Recent View StyleID',indexed='0',scope='general',datatype='num' WHERE name='s1_lastn_style';
INSERT IGNORE INTO userproplist (name, indexed, prettyname, datatype, des, scope) VALUES ('sidx_bdate', '1', 'SearchIndex: Birthdate', 'char', 'Index to speed directory searches.  Only present if opt_infoshow=Y', 'general');
UPDATE userproplist SET des='Index to speed directory searches.  Only present if opt_infoshow=Y',prettyname='SearchIndex: Birthdate',indexed='1',scope='general',datatype='char' WHERE name='sidx_bdate';
INSERT IGNORE INTO userproplist (name, indexed, prettyname, datatype, des, scope) VALUES ('sidx_loc', '1', 'SearchIndex: Location', 'char', 'Index to speed directory searches.  Format %2s-%s-%s (iso country code, state, city).  Only present if opt_infoshow=Y', 'general');
UPDATE userproplist SET des='Index to speed directory searches.  Format %2s-%s-%s (iso country code, state, city).  Only present if opt_infoshow=Y',prettyname='SearchIndex: Location',indexed='1',scope='general',datatype='char' WHERE name='sidx_loc';
INSERT IGNORE INTO userproplist (name, indexed, prettyname, datatype, des, scope) VALUES ('state', '1', 'State', 'char', '2 letter state code, or full state name', 'general');
UPDATE userproplist SET des='2 letter state code, or full state name',prettyname='State',indexed='1',scope='general',datatype='char' WHERE name='state';
INSERT IGNORE INTO userproplist (name, indexed, prettyname, datatype, des, scope) VALUES ('url', '0', 'Website Address', 'char', 'URL of website', 'general');
UPDATE userproplist SET des='URL of website',prettyname='Website Address',indexed='0',scope='general',datatype='char' WHERE name='url';
INSERT IGNORE INTO userproplist (name, indexed, prettyname, datatype, des, scope) VALUES ('urlname', '0', 'Website Name', 'char', 'Name of website', 'general');
UPDATE userproplist SET des='Name of website',prettyname='Website Name',indexed='0',scope='general',datatype='char' WHERE name='urlname';
INSERT IGNORE INTO userproplist (name, indexed, prettyname, datatype, des, scope) VALUES ('yahoo', '1', 'Yahoo ID', 'char', 'Yahoo ID', 'general');
UPDATE userproplist SET des='Yahoo ID',prettyname='Yahoo ID',indexed='1',scope='general',datatype='char' WHERE name='yahoo';
INSERT IGNORE INTO userproplist (name, indexed, prettyname, datatype, des, scope) VALUES ('zip', '1', 'ZIP code', 'char', '5 digit zip code (if in US)', 'general');
UPDATE userproplist SET des='5 digit zip code (if in US)',prettyname='ZIP code',indexed='1',scope='general',datatype='char' WHERE name='zip';
